kap_id,ticker,tarih,t0,gunluk_ciro,guncelleme,duzeltme,karsi_taraf_acik,nitelik,kosul_acik,ek_sayisi,metin_uzunluk,tutar_var,tutar_tl,tutar_ciro_kat,vbts_90g,vbts_yakin,iceriden_90g,iceriden_yakin,geri_alim_90g,oncesi_5g,oncesi_20g,car_1g,car_3g,car_5g,car_10g,car_20g
4028328d992f6f6601995bf9f7b846a9,DGATE,2025-09-22,2025-09-22,29251376,1,0,1,Tedarikçi,0,0,1838,1,330386400,11.295,1,1,0,0,0,0.04172271015620134,,-0.016622625721514617,-0.061765356097106226,-0.04346136992117705,-0.07140171481584011,-0.02683394382302292
4028328c992f6d57019970390757344e,HRKET,2025-09-22,2025-09-22,89533904,0,0,1,Müşteri,0,0,277,1,134560558,1.503,1,1,0,0,0,0.07681362639187517,,-0.019345291765207415,0.010589824596835381,-0.02597188335811183,-0.03530148867847486,-0.07899413648003205
4028328c992f6d560199705313aa0886,FORTE,2025-09-22,2025-09-22,146666539,0,0,1,Müşteri,0,0,457,1,123854221,0.844,0,0,0,0,0,0.00012244962833529344,,0.0371507308346332,0.06601277885705369,0.027890131849580693,0.008673245363892145,0.1538167918450275
4028328c992f6d5601997053b5c708c2,FORTE,2025-09-22,2025-09-22,146666539,0,0,1,Müşteri,0,0,495,1,48999813,0.334,0,0,0,0,0,0.00012244962833529344,,0.0371507308346332,0.06601277885705369,0.027890131849580693,0.008673245363892145,0.1538167918450275
4028328d992f6f6601997006c9b208b8,SDTTR,2025-09-22,2025-09-22,206840623,0,0,0,Müşteri,0,0,480,1,52025533,0.252,0,0,0,0,0,0.0695351169496113,,0.048878369495742834,0.06585754235419523,0.005436679849910365,-0.027964362346909553,-0.10114260343436458
4028328d992f6f660199712b8d1b2b96,SMRTG,2025-09-22,2025-09-22,160562921,0,0,1,Müşteri,0,0,795,1,1766328291,11.001,0,0,0,0,0,0.04865861455558564,,0.04476832078355754,0.012616731251480755,-0.0024476871551266,-0.0448048879566192,-0.015832033625345517
4028328d992f6f66019971f8f688391e,ONRYT,2025-09-22,2025-09-23,63543988,1,0,1,Müşteri,0,0,644,0,0,0.0,0,0,0,0,0,0.004303787170152439,,-0.0002427689175012994,-0.04872035114141999,-0.06899884215930939,-0.06607713296126169,-0.10538846454467261
4028328d992f6f66019971ff0c6e3aab,ONRYT,2025-09-22,2025-09-23,63543988,1,0,1,Müşteri,0,0,706,0,0,0.0,0,0,0,0,0,0.004303787170152439,,-0.0002427689175012994,-0.04872035114141999,-0.06899884215930939,-0.06607713296126169,-0.10538846454467261
4028328d992f6f66019976526a39528b,ALVES,2025-09-23,2025-09-23,191896437,0,0,0,Müşteri,0,0,251,1,153053827,0.798,0,0,0,0,0,0.033098462928030065,,0.003644983979494339,-0.015230601407023724,-0.04273732701439815,-0.09039209342471455,-0.08936722257186652
4028328d992f6f66019976da4f923fc1,OZATD,2025-09-23,2025-09-23,147850722,1,0,1,Müşteri,1,0,589,1,147781562,1.0,0,0,0,0,0,0.033524958710549155,,0.0005643705220776567,-0.039330007600179344,-0.018976631346020643,0.08105487369654815,0.047219679568908976
4028328c992f6d57019976c2694f5e17,ALKLC,2025-09-24,2025-09-24,369737690,0,0,1,Müşteri,0,0,366,0,0,0.0,0,0,0,0,0,0.011293915967574559,,-0.020046664285333644,-0.02345591256056522,0.0357891251180608,0.049457730262810064,0.1472618874149667
4028328d992f6f6601997a7b36d06396,BURVA,2025-09-24,2025-09-24,30903820,0,0,0,Müşteri,0,0,239,1,14707959,0.476,0,0,0,0,0,-0.003440751296490235,,0.05381303820861326,0.002314726138961611,0.02960589101659749,0.07389993958140804,0.49270716398847675
4028328c992f6d560199865cc4152d48,BVSAN,2025-09-26,2025-09-26,86462266,0,0,0,Müşteri,0,0,330,1,87839082,1.016,1,1,0,0,0,-0.06763728251199094,,0.03892029637646784,0.09300920712556522,0.16448251226828164,0.2149467240588355,0.19397532741030138
4028328d998eebe8019994f626420f06,ODINE,2025-09-30,2025-09-30,348845744,0,0,1,Tedarikçi,0,0,1426,0,0,0.0,0,0,1,1,0,-0.028671217558342357,,0.02325847895143885,0.06859023000193594,0.16614974536515073,0.28960547826797434,0.33124199024472495
4028328d998eebe801999963842532a2,EMKEL,2025-09-30,2025-09-30,253523515,0,0,0,Müşteri,0,0,345,1,30408073,0.12,4,4,0,0,0,-0.007230258852497588,,-0.0961204030361388,-0.302371061858947,-0.47039598627345136,-0.553761977581701,-0.8204649868060371
4028328c998ee9d501999a0ac6cf3044,CVKMD,2025-09-30,2025-09-30,701714591,0,0,1,Müşteri,0,0,931,0,0,0.0,1,1,0,0,0,0.08388685447979793,,0.027253290883993975,0.03844836729568792,0.13559778239523043,0.2677911835203612,0.2694714890184748
4028328d998eebe801999c094dd461b4,LINK,2025-09-30,2025-10-01,190130240,0,0,0,Müşteri,0,0,567,1,123896617,0.652,6,3,0,0,0,-0.4588859299559579,,-0.01962819881375906,0.050435542015444576,-0.014049443642029777,-0.07019737676810384,-0.025913083104391315
4028328d998eebe801999ee141d46a5a,BVSAN,2025-10-01,2025-10-01,86462266,0,0,0,Müşteri,0,0,244,1,35685586,0.413,1,1,0,0,0,0.06763087235298437,,0.0809320177902481,0.02904486580665603,0.10588450647833329,0.3394451587115779,0.1380163505394852
4028328c998ee9d701999fc94db06b2d,BURCE,2025-10-01,2025-10-01,94202445,0,0,0,Müşteri,0,0,236,1,65175410,0.692,3,1,0,0,0,-0.03289447450884527,,-0.029090582903185086,0.08565555859848255,0.07575616936439925,0.25692223492675753,0.7220862193964523
4028328d998eebe801999f31cedc6195,GOKNR,2025-10-01,2025-10-02,91227272,0,0,0,Diğer,0,0,1523,0,0,0.0,0,0,0,0,0,-0.012237325144825083,,0.0342138869556496,0.05117326616309373,0.03697576346244807,0.05121138671469481,0.03529295961098854
4028328c998ee9d70199a02d9bf57440,HRKET,2025-10-02,2025-10-02,89533904,0,0,1,Müşteri,0,0,538,1,350706494,3.917,2,0,0,0,0,-0.07412483740305188,,0.0049376419447071124,0.0071208733739830865,-0.03517577908610536,0.006100628901316571,-0.044570236713561875
4028328c998ee9d50199a54f1d3428b5,FONET,2025-10-02,2025-10-02,137502118,0,0,0,Müşteri,0,0,359,1,299824010,2.181,0,0,0,0,0,0.026420787779868116,,0.008107405283798911,-0.0004161054217541116,-0.014219739692449796,0.2040593299631446,0.18816882258381176
4028328c998ee9d50199a50f9e1018fd,LINK,2025-10-02,2025-10-03,190130240,0,0,1,Müşteri,0,0,1101,1,3495000,0.018,6,2,0,0,0,-0.1634594319042991,,-0.04160648999159172,-0.10609147564906607,-0.08569251080522118,-0.037919704044570915,-0.14461742150497567
4028328d998eebe80199a9d05c4f2e31,EMKEL,2025-10-03,2025-10-03,253523515,0,0,0,Müşteri,0,0,203,1,102145596,0.403,4,3,0,0,0,-0.3734139808703894,,-0.07947519719949181,-0.27517759845523,-0.26710877645943554,-0.4579058777757782,-0.3608146646675375
4028328c998ee9d70199bd38d2c1039d,ALKA,2025-10-07,2025-10-07,55524067,0,0,0,Müşteri,0,0,361,0,0,0.0,5,1,0,0,0,-0.09202365313560647,0.5125945206757608,-0.03470892001540258,0.0041437426456554325,-0.09523479756385189,-0.07049633088175976,-0.12999316407304895
4028328d998eebe80199b9cc9ac77692,CWENE,2025-10-07,2025-10-07,898848244,0,0,0,Müşteri,0,0,496,1,66167679,0.074,3,1,2,0,0,0.20287577042602917,0.2590223858118486,0.02963075985523026,0.004121743486854987,-0.05330252009848378,-0.10837725836782412,-0.03313349609799949
4028328d998eebe80199beee20a95058,SAFKR,2025-10-07,2025-10-07,137292458,0,0,1,Müşteri,0,0,254,0,0,0.0,3,0,1,0,0,-0.00827681356475313,0.011155283434099614,0.02497521087167894,0.08498808545877515,0.11017313183023206,0.02633137196586181,0.282280576586651
4028328c998ee9d50199bf03976551c1,ODINE,2025-10-08,2025-10-08,348845744,0,0,1,Müşteri,0,0,1321,0,0,0.0,0,0,1,0,0,0.1270747175435194,-0.007977245232060646,0.06856674002394628,0.0960227101301822,0.17340181370893237,0.2280122784358227,0.33791919641488183
4028328c998ee9d50199be966ab0467c,ONCSM,2025-10-08,2025-10-08,156246500,1,0,1,Müşteri,0,0,245,1,46151759,0.295,2,1,0,0,0,0.14236350946156187,-0.13590842809712145,0.014116785350027436,0.13935835320130865,0.3769950509561499,0.3856270822849223,0.5216884122750852
4028328c998ee9d50199c2cce78f6f19,GESAN,2025-10-08,2025-10-08,283975754,0,0,1,Müşteri,0,0,447,0,0,0.0,1,1,0,0,0,-0.009703877589962006,-0.003511342514939876,-0.009233732173850597,0.006549461475263393,0.005521022286570024,0.009459006684120702,0.11457838185764471
4028328c998ee9d50199c385a4052c46,CWENE,2025-10-08,2025-10-09,898848244,0,0,0,Müşteri,0,0,452,1,400443840,0.446,3,1,2,0,0,0.12582104093467136,0.34275182539803456,0.017431539482922993,-0.03999272410241578,-0.09280635146450844,-0.123246647795426,-0.029938007245567246
4028328c998ee9d50199c7a5ae653fba,YEOTK,2025-10-09,2025-10-09,354678228,0,0,0,Müşteri,0,0,334,1,343547325,0.969,0,0,0,0,0,-0.02956684607667736,0.028387145636103298,-0.0012614491705982994,0.0006933476988966257,-0.004891616995484565,-0.04982533972089348,0.05883538170711491
4028328c998ee9d50199c275eba10f54,YIGIT,2025-10-09,2025-10-09,64136351,0,0,1,Müşteri,0,0,1024,0,0,0.0,0,0,0,0,0,-0.004038777268853287,-0.045877054022979924,0.015194738099322936,-0.004832284315942801,-0.012194579411079242,-0.04116801983924749,0.0072297379782683075
4028328c998ee9d70199bebd05231e66,OZYSR,2025-10-09,2025-10-09,37889166,0,0,0,Müşteri,0,0,183,1,268455720,7.085,0,0,7,3,0,0.08518541294450536,-0.07839096856118138,0.054843537089551135,0.057505865664685366,-0.007126185599473467,0.018332628788657615,0.1281292202226655
4028328d998eebe80199c90282a11871,FONET,2025-10-09,2025-10-09,137502118,0,0,1,Müşteri,0,0,148,1,32263972,0.235,0,0,0,0,0,-0.014219739692449796,-0.019702527276040365,0.10234113678881011,0.2417834290482378,0.2182790696555944,0.1674697079910571,0.23216053772485015
4028328d998eebe80199c9921a942340,SUWEN,2025-10-09,2025-10-10,33037010,0,0,0,Müşteri,1,0,599,0,0,0.0,0,0,0,0,0,0.05496451539393045,-0.012458897310366495,0.019871027245808737,-0.013164845002352104,-0.01855144841159958,-0.05798639671274281,-0.008310385889201726
4028328c998ee9d50199ccb7f72f1ed6,YEOTK,2025-10-10,2025-10-10,354678228,0,0,1,Müşteri,0,0,388,1,415805057,1.172,0,0,0,0,0,-0.035152047619067525,0.022142063045032127,0.012612640722977938,-0.006631235681253001,-0.005265935344400841,-0.05945806595862825,0.03735458590879898
4028328c998ee9d50199cd00acde09b3,BOBET,2025-10-10,2025-10-10,60474528,0,0,1,Müşteri,0,0,369,1,400000000,6.614,1,0,0,0,5,0.0022275503755203054,-0.05298862204522665,0.03574613555836504,0.05680531861424922,0.021009148845972738,-0.0008301666118498422,0.006584671111766914
4028328d998eebe80199ce31c31b711f,ONCSM,2025-10-10,2025-10-13,156246500,0,0,1,Müşteri,0,0,1261,0,0,0.0,2,1,0,0,0,0.19099429643013932,0.015261670960743826,0.1151759637728891,0.22444374475726317,0.2621157199042972,0.22840702596400764,0.504727532888741
4028328d998eebe80199ceb092344973,CWENE,2025-10-10,2025-10-13,898848244,0,0,0,Müşteri,0,0,484,1,400443840,0.446,4,2,2,0,0,0.057911150831321916,0.37508076307666677,-6.972734402735924e-05,-0.05288335470612002,-0.02400047551699753,-0.07950206118913611,-0.009367652847308028
4028328d998eebe80199cef2246c4ddf,LINK,2025-10-10,2025-10-13,190130240,1,0,1,Müşteri,0,0,999,1,3495000,0.018,7,0,0,0,0,-0.061509453066056166,-0.5770278830615314,-0.042064655327939134,0.02626570976545143,0.0517130272012066,0.08406473926274555,0.046552231015892634
4028328c998ee9d50199dc064e9339b3,CWENE,2025-10-13,2025-10-13,898848244,0,1,0,Müşteri,0,0,632,1,124106290,0.138,4,1,2,0,0,0.057911150831321916,0.37508076307666677,-6.972734402735924e-05,-0.05288335470612002,-0.02400047551699753,-0.07950206118913611,-0.009367652847308028
4028328d998eebe80199dce2b1ce6465,ALKLC,2025-10-13,2025-10-13,369737690,0,0,1,Müşteri,0,0,654,0,0,0.0,1,0,0,0,1,0.0822818305804854,0.10291554246183154,0.027954398767412295,0.0327600594995838,0.055628620243177405,-0.0031623524518724576,-0.20733337323588172
4028328d96289e8c01967b193b973f59,KBORU,2025-10-14,2025-10-14,168028009,0,0,0,Müşteri,0,0,447,1,248960509,1.482,1,0,0,0,0,-0.04805595575919326,-0.0431559963791736,0.0321367783127279,0.011818377856363547,-0.0145401279249561,-0.041422386743912125,-0.018241739332261187
4028328d998eebe80199e3ef506834d1,ODINE,2025-10-15,2025-10-15,348845744,0,0,1,Müşteri,0,0,1010,0,0,0.0,0,0,1,0,0,0.17340181370893237,0.08924326552969677,0.01251153196299579,0.009852003700773174,0.05461046472689033,0.011970692642098586,0.4532001175139154
4028328c998ee9d50199e3c192e40821,EKOS,2025-10-15,2025-10-15,93590422,0,0,0,Müşteri,0,0,484,1,178912526,1.912,2,1,0,0,0,0.07088734941006,-0.0075432195945236155,0.040683015994670016,0.008786013168748942,-0.02177341916090272,0.03663934810360161,-0.01062867652592186
4028328c998ee9d70199e26c3f973522,MEKAG,2025-10-15,2025-10-15,61629933,0,0,1,Müşteri,1,0,295,0,0,0.0,0,0,0,0,0,0.03156833821216338,-0.12831206752631402,-0.0061590223837770545,0.009396283795234576,0.007881460261481255,-0.04773395866443534,-0.15269529043471458
4028328c998ee9d70199ebb55bc36324,ONCSM,2025-10-16,2025-10-16,156246500,1,0,1,Müşteri,0,0,216,1,43438730,0.278,4,2,0,0,0,0.3496853126085444,0.0957086222684547,-0.06305518955770434,-0.0020118289700792233,-0.014209599745137884,0.20738619978723302,0.32099138898385965
4028328d998eebe8019a00ac39ca1298,BOBET,2025-10-20,2025-10-20,60474528,0,0,1,Müşteri,0,0,606,1,420000000,6.945,2,1,0,0,6,-0.027827902787738674,0.001187574011919409,-0.024259195892319115,0.0008905165247676763,-0.006175103927350075,0.01961118664097253,-0.010839949472302445
4028328d998eebe8019a0242c2ad4b1c,TOASO,2025-10-20,2025-10-21,1018743774,1,0,1,Diğer,1,0,1240,0,0,0.0,1,0,0,0,0,-0.014108764642236744,0.04001941769087838,0.015556729835450691,0.0803108884358853,0.02355779318953283,-0.05886340645628633,-0.09194613800192863
4028328c998ee9d5019a00657e0b67d6,SDTTR,2025-10-21,2025-10-21,206840623,0,0,0,Müşteri,0,0,627,0,0,0.0,1,0,0,0,0,-0.02967362138556108,-0.14225814952902194,0.003323043186264793,-0.011780758876374543,0.021368353828812196,0.01965452284173086,-0.022821924368133923
4028328c998ee9d5019a067e79ec1c23,BVSAN,2025-10-21,2025-10-21,86462266,0,0,0,Müşteri,0,0,278,1,30425812,0.352,5,0,0,0,0,-0.029536058530424437,0.31472337777718956,-0.03999539267853015,-0.12468825795502825,-0.03314349064178268,-0.08404421510089988,-0.2754506399665077
4028328c998ee9d7019a071b6c605b03,DESA,2025-10-21,2025-10-22,17381321,0,0,1,Diğer,0,0,1141,0,0,0.0,1,0,1,1,0,-0.0008626963240429572,0.02553292798791048,-0.01350898604504494,0.011955269625333352,-0.0017451143397953174,0.005202388856290446,-0.19623140124937782
4028328c998ee9d5019a0a6b27c2293a,DOFRB,2025-10-22,2025-10-22,989899969,0,0,1,Müşteri,0,0,726,1,111306907,0.112,13,1,0,0,0,-0.4163131317130283,0.5679518530834787,-0.06454799403317421,-0.1572897294538652,-0.17002675022528949,0.1408350696066854,-0.23067918016096584
4028328d998eebe8019a1140df36473f,ALKLC,2025-10-23,2025-10-23,369737690,0,0,1,Müşteri,0,0,585,0,0,0.0,3,2,0,0,1,-0.09000954718032997,0.1844707097157041,0.06911429598166483,0.07779190618972597,0.00039351769484999814,-0.07882752721830436,0.09140850684206545
4028328c998ee9d5019a15f0be1f4531,HRKET,2025-10-24,2025-10-24,89533904,0,0,1,Müşteri,0,0,316,1,83685400,0.935,2,0,0,0,0,-0.06614646058344813,-0.029533502187641607,0.0006181006567301889,-0.0010157545274644656,0.03748302531566236,-0.008510974624450492,-0.10033642352067951
4028328c998ee9d5019a16b409073038,TCKRC,2025-10-24,2025-10-27,238099110,0,0,1,Müşteri,0,0,402,1,182015745,0.764,1,0,0,0,10,0.02167748608563236,-0.060623106326371454,-0.0028453149657051004,0.08803043598455706,0.045171817178320715,0.06474942255038314,0.09428667640536467
4028328c998ee9d7019a24d8866f0faa,BOBET,2025-10-27,2025-10-27,60474528,0,0,1,Müşteri,0,0,463,1,1100000000,18.189,2,0,0,0,7,-0.006175103927350075,0.005936669577188938,0.054324745524647604,0.056121367608882415,0.025786290568322604,0.001857739353654768,-0.035163690317746764
4028328d998eebe8019a24a53f06103b,MEKAG,2025-10-27,2025-10-27,61629933,0,0,1,Müşteri,1,0,297,0,0,0.0,1,0,0,0,0,-0.061588119848155785,0.027298812316737038,-8.421052392838983e-05,-0.00674790833340528,-0.010493490467634899,-0.07170468946283447,-0.09763356384992782
4028328c998ee9d5019a24a3eea44800,ALVES,2025-10-27,2025-10-27,191896437,0,0,0,Diğer,0,0,236,1,171303872,0.893,2,0,1,0,0,-0.05205453555533446,-0.04785534776229387,-0.026722081581442306,-0.005677388759559299,0.03780132552072147,0.01326951784066415,-0.10091470205170774
4028328c998ee9d5019a24a899a948b7,ALVES,2025-10-27,2025-10-27,191896437,0,0,0,Diğer,0,0,438,1,191937204,1.0,2,0,1,0,0,-0.05205453555533446,-0.04785534776229387,-0.026722081581442306,-0.005677388759559299,0.03780132552072147,0.01326951784066415,-0.10091470205170774
4028328c998ee9d7019a26e572293a31,ALTNY,2025-10-27,2025-10-28,331327283,0,0,0,Müşteri,1,0,208,0,0,0.0,1,0,0,0,0,0.02578579646117261,-0.07338897370310181,0.02196997303938022,-0.018505409470171715,-0.026680405516505714,-0.07068037525777213,-0.1013162413623892
4028328c998ee9d7019a26e0f6f139d8,ALTNY,2025-10-27,2025-10-28,331327283,0,0,0,Müşteri,1,0,188,1,249125905,0.752,1,0,0,0,0,0.02578579646117261,-0.07338897370310181,0.02196997303938022,-0.018505409470171715,-0.026680405516505714,-0.07068037525777213,-0.1013162413623892
4028328d998eebe8019a2627d28c3246,ONCSM,2025-10-28,2025-10-28,156246500,0,0,1,Müşteri,0,0,449,1,33954182,0.217,5,0,0,0,0,0.06889467978834064,0.45157469394971667,0.09279895662905309,0.1299763206108389,0.10760146788350848,0.2614193640534349,0.20387831506521398
4028328c998ee9d7019a2aaae73c5049,ALTNY,2025-10-28,2025-10-28,331327283,0,1,0,Müşteri,1,0,212,1,41658457,0.126,1,0,0,0,0,0.02578579646117261,-0.07338897370310181,0.02196997303938022,-0.018505409470171715,-0.026680405516505714,-0.07068037525777213,-0.1013162413623892
4028328c998ee9d5019a343c69701d23,BOBET,2025-10-30,2025-10-30,60474528,0,0,1,Müşteri,0,0,429,1,200000000,3.307,2,0,0,0,7,0.047091609755863795,-0.02030729072315981,0.02110799732180919,-0.009227079718750619,-0.021080814612189754,-0.04457081858376467,-0.06462678094952048
4028328c998ee9d5019a343ad72a1cd3,INDES,2025-10-30,2025-10-30,56577625,0,0,1,Tedarikçi,0,0,502,0,0,0.0,0,0,0,0,0,-0.0042624564541968845,0.009680538069281859,0.016556971608197767,0.0547137996374794,0.026476137881545563,-0.04265393570358991,-0.12120502090388566
4028328d998eebe8019a3484791770c0,SDTTR,2025-10-30,2025-10-30,206840623,0,0,0,Müşteri,0,0,382,1,108940000,0.527,1,0,0,0,0,-0.0037809607284286168,-0.09549503463146745,0.0166692136385802,0.030665108238293586,0.021835411890138205,-0.012468604691368861,-0.04512560967645754
4028328c998ee9d5019a070883fe2141,BRSAN,2025-10-31,2025-10-31,942474720,0,0,0,Müşteri,0,0,860,0,0,0.0,2,0,0,0,0,0.07840979882793096,-0.007317366389653966,0.08750266789884642,0.110525709055965,0.09194749378985029,0.15238466128788078,0.024195381238073133
4028328c998ee9d5019a38f9d2c2787b,ASTOR,2025-10-31,2025-10-31,5966476824,0,0,0,Müşteri,0,0,339,1,1733834374,0.291,1,0,0,0,0,-0.009454522302866763,0.008777042785028796,0.012134298371688544,0.027645450507909276,0.03917169783965942,-0.003062153965289084,-0.050466792536513226
4028328c998ee9d5019a39cd7aaa2e5d,BVSAN,2025-10-31,2025-10-31,86462266,0,0,0,Müşteri,0,0,310,1,62031360,0.717,7,1,0,0,0,0.02626165133684024,0.04943611256104496,-0.022307023903024744,-0.015019618549268752,-0.0019622439323695113,-0.14700629284060468,-0.2683178402581051
4028328d998eebe8019a39df68c4211c,PNLSN,2025-10-31,2025-10-31,34146451,0,0,0,Müşteri,1,0,236,1,151380000,4.433,1,0,0,0,5,0.011915889665479138,-0.036242810017295436,0.03535554870403661,0.06433305756178201,0.0226168348673355,0.00995209166377243,-0.034518563465786245
4028328d998eebe8019a4849a26a02ac,KLYPV,2025-11-03,2025-11-03,108765038,0,0,0,Müşteri,0,0,298,1,85248863,0.784,3,1,0,0,0,-0.003529666465454697,0.002630964598217265,-0.002312939273032653,-0.016568597336427463,-0.006592478643334673,-0.017626237504385266,-0.1262603493281557
4028328d998eebe8019a48db1e77663e,FORTE,2025-11-03,2025-11-03,146666539,0,0,1,Müşteri,0,0,254,1,56666385,0.386,2,0,0,0,0,-0.019808492691102995,0.10913136069150933,0.004067537106789405,0.06212757918696853,0.12511050454275552,0.08871504307063938,0.05073214392409151
4028328c998ee9d5019a495798593739,SDTTR,2025-11-03,2025-11-03,206840623,0,0,0,Müşteri,0,0,477,1,42598850,0.206,1,0,0,0,0,0.03487272806504625,-0.09737497927853764,0.007115221507458055,-0.0017144748406973255,-0.01700327383236959,-0.0407617910000583,-0.07914670605318176
4028328d998eebe8019a49222d0b3ed8,CWENE,2025-11-03,2025-11-04,898848244,0,0,0,Müşteri,0,0,473,1,70143628,0.078,6,0,2,0,0,0.09960097887230387,-0.02159091035781419,3.7897328916605883e-07,-0.010113928170346596,-0.0294665705304758,-0.005450872741053929,0.013186766129644822
4028328d998eebe8019a4f44073a4da1,BURVA,2025-11-04,2025-11-04,30903820,0,0,0,Müşteri,0,0,240,1,18729395,0.606,13,1,0,0,0,0.48723086767445306,0.4231071386264306,0.05262392103066176,0.16737620216138632,0.08873254532948494,-0.10366661020339354,0.282236129451809
4028328c998ee9d5019a4f74e8f600c3,BORLS,2025-11-04,2025-11-05,110064893,0,0,0,Müşteri,0,0,777,1,369489900,3.357,5,3,0,0,0,-0.11164345381876416,0.10255224083664377,-0.10458804107949624,-0.30007757219035036,-0.3846718168078829,-0.7919057251133265,-1.4519910823727806
4028328d998eebe8019a501bfc913459,ODINE,2025-11-05,2025-11-05,348845744,0,0,1,Müşteri,0,0,1132,1,44736605,0.128,0,0,1,0,0,0.10618350620846612,0.1650922448795742,0.050826896456649034,0.15417458039769155,0.32066312830795957,0.07237321324968363,0.10312602000166754
4028328d998eebe8019a57c8d9e46560,KLYPV,2025-11-06,2025-11-06,108765038,0,0,0,Müşteri,0,0,289,1,1112539888,10.229,3,0,0,0,0,-0.007368586600775818,-0.04913503471830495,-0.00012825874520854105,0.0048209039177979016,0.009971336661771845,-0.031790170548962375,-0.07657917562844908
4028328c998ee9d5019a595bf17d7dc8,GEREL,2025-11-06,2025-11-06,192296334,0,0,1,Müşteri,1,0,453,1,96697980,0.503,4,0,0,0,0,-0.03402225202144509,-0.03578989578277201,-0.03303903656396247,-0.10074035976197586,-0.1366073742659498,0.07985646668960651,0.06408264756069444
4028328d998eebe8019a59b3b0c37314,CWENE,2025-11-06,2025-11-07,898848244,0,0,1,Müşteri,0,0,788,1,555697645,0.618,6,0,2,0,0,0.04174238310512291,-0.07168039035069015,-0.00015141792540769944,-0.011372136878604748,0.0005843752360178804,0.07009359813043362,0.17263029599884508
4028328d998eebe8019a59ef808879e3,ORGE,2025-11-06,2025-11-07,69301850,0,0,1,Müşteri,0,0,736,1,74674810,1.078,1,0,0,0,2,-0.00046488088533966094,-0.029726701323967774,0.007045665317089212,-0.01592208184976888,0.009985153519241827,0.012526933985911119,-0.052298210820933604
4028328c998ee9d5019a5dec4ad27071,INDES,2025-11-07,2025-11-07,56577625,0,0,1,Tedarikçi,0,0,508,0,0,0.0,0,0,0,0,0,0.027725726871146748,0.013481804885096281,-0.010729630468877305,-0.05908721199244658,-0.08185750327133233,-0.13396670641670058,-0.17144780034617066
4028328d998eebe8019a6d558f420345,MIATK,2025-11-10,2025-11-10,715525559,0,0,1,Müşteri,0,0,544,1,35025750,0.049,1,0,0,0,1,0.05722485940524872,-0.09283206659533451,0.030224087583552318,-0.023498377500289172,-0.030396334930428114,-0.041189107065674406,-0.04927896676136548
4028328c998ee9d5019a6e0f2d9f7754,VBTYZ,2025-11-10,2025-11-11,53004150,0,0,0,Müşteri,0,0,269,1,299840288,5.657,2,0,4,0,0,-0.04442719838246508,-0.018157420040380904,0.007357231745613236,-0.031940930731042524,-0.018045380964403984,-0.08006335698438802,-0.15609954213576827
4028328c998ee9d5019a6f41bad63e96,OZATD,2025-11-10,2025-11-11,147850722,0,0,1,Müşteri,1,0,387,1,61173035,0.414,2,0,0,0,0,-0.07521065361560746,-0.0585296914150202,-0.06679870226953744,-0.06950521259970105,-0.06452130740561524,-0.13785222651136786,-0.20056152033709676
4028328c998ee9d7019a71880f27120e,ASELS,2025-11-11,2025-11-11,9584113612,0,0,1,Müşteri,0,0,315,1,54693067532,5.707,1,0,0,0,0,-0.0576170234331138,-0.08185915982169562,-0.007127847109634046,-0.031523821686464976,0.021626049212099287,-0.01685426227641863,0.007161886911762321
4028328c998ee9d5019a71942f834668,BRLSM,2025-11-11,2025-11-11,56758449,0,0,1,Müşteri,0,0,624,0,0,0.0,1,1,0,0,0,-0.024719618130278825,-0.013556147068897946,-0.031163119876137048,-0.07336760136274954,-0.05643891148838552,-0.06930798306533607,-0.0796837891097128
4028328c998ee9d7019a720764bf19b6,BVSAN,2025-11-11,2025-11-11,86462266,1,0,0,Müşteri,0,0,280,1,20860720,0.241,9,2,1,0,0,0.033397447507576526,-0.0827271999148679,-0.05912512039144934,-0.11375614144686429,-0.13434730428262828,-0.1633485783497508,-0.21041435413821866
4028328c998ee9d5019a7242ecc44c51,ONRYT,2025-11-11,2025-11-11,63543988,1,0,1,Müşteri,1,0,771,1,404664960,6.368,0,0,0,0,0,0.024249438118536346,0.03467679127323736,-0.08006362873154281,-0.21930322227161525,-0.22102369474284478,-0.29100881535747636,-0.28944988149997225
4028328c998ee9d7019a728037ff1db5,OZYSR,2025-11-11,2025-11-11,37889166,0,0,0,Müşteri,0,0,152,0,0,0.0,3,1,12,0,0,0.030476481540964065,0.07384285340682992,-0.010779403580582858,0.040428597443473914,0.1361226515710339,0.25034383150737943,0.08566991293436804
4028328d998eebe8019a747085ff2d5c,TCELL,2025-11-12,2025-11-12,2383513653,0,0,1,Diğer,1,0,2387,0,0,0.0,2,1,0,0,1,0.012071753954803364,-0.04439039501131793,0.014038316918218666,-0.011783865490441078,-0.01803601147219378,-0.029644148269693114,0.015079908902594917
4028328d998eebe8019a7233d2171108,HRKET,2025-11-12,2025-11-12,89533904,0,0,1,Müşteri,0,0,310,1,273355600,3.053,3,1,0,0,0,-0.07735857756922529,-0.017306722791312918,-0.035950625548560315,-0.04004969959854545,-0.020720085883514868,-0.04358521206783043,-0.0656456064972864
4028328c998ee9d5019a771a2ad51dab,GESAN,2025-11-12,2025-11-12,283975754,0,0,1,Müşteri,0,0,1128,1,1660775078,5.848,2,1,0,0,0,-0.0224838315211689,0.0787312828347699,-0.020834316962247097,-0.0195215518356742,0.01976817465243161,-0.04072132054953918,-0.05897001123892489
4028328d998eebe8019a7825ba1d3beb,REEDR,2025-11-12,2025-11-12,170410269,0,0,1,Diğer,0,0,1713,0,0,0.0,2,1,2,0,0,-0.023171915792185464,-0.04824307296387873,0.03357696212118745,0.028689872343231206,0.08131476353364349,-0.27430525730156746,-0.307384073003981
4028328d998eebe8019a6d7d85804069,REEDR,2025-11-12,2025-11-13,170410269,0,1,1,Tedarikçi,0,0,1008,0,0,0.0,2,1,2,0,0,0.029370290670410908,-0.05604290837668946,-0.015912280691576026,0.009004616640568945,-0.06841166345165994,-0.30636625498214404,-0.3465252064072225
4028328d998eebe8019a7bd251b962b1,ONCSM,2025-11-13,2025-11-13,156246500,0,0,1,Müşteri,0,0,197,1,11055427,0.071,6,0,0,0,0,0.2062760444463006,0.14469336131893543,-0.04317096977895441,-0.013357969610829547,-0.08403623825859466,-0.061790363409492524,0.07976888097206172
4028328d998eebe8019a6cfacdc92549,CWENE,2025-11-13,2025-11-14,898848244,0,0,1,Diğer,1,0,739,1,2100000000,2.336,7,1,2,0,0,0.0005843752360178804,0.06286834421894119,-0.015730687529523016,-0.011962730383903108,0.06950922289441573,0.05768616212151356,0.12011845424021185
4028328c998ee9d7019a80bde60b0a22,ASELS,2025-11-14,2025-11-14,9584113612,0,0,1,Müşteri,0,0,279,0,0,0.0,1,0,0,0,0,-0.010932638768116188,-0.15551473823206502,-0.004205745240980583,0.04976768494196979,0.008466665749779735,0.011688879343437009,0.09200812374158154
4028328d998eebe8019a816dfe1c09cc,CWENE,2025-11-14,2025-11-17,898848244,0,0,0,Müşteri,0,0,587,1,1117707354,1.243,8,2,2,0,0,-0.014994894368097436,0.06376394754664437,0.019809367722797802,-0.007559090458616341,0.07605177527684527,0.039231022669101605,0.13178836619610282
4028328d998eebe8019a90af30044679,ASELS,2025-11-17,2025-11-17,9584113612,0,0,1,Müşteri,0,0,252,1,1101522675,0.115,1,0,0,0,0,-0.016303271577241405,-0.14643622694297612,0.057355616139544846,0.01691141222730071,0.017304844425490004,0.014208276443424876,0.08491373178994746
4028328c998ee9d5019a91ddb3d624f4,PNLSN,2025-11-17,2025-11-17,34146451,0,0,0,Müşteri,1,0,248,1,87496500,2.562,1,0,0,0,14,-0.016546506336017806,0.02819458003179343,0.03329929842238235,-0.014082747569115399,-0.01984433321465756,-0.04529689516645656,-0.05192148191353748
4028328c998ee9d7019a9259cf64482d,ORGE,2025-11-17,2025-11-18,69301850,0,0,1,Müşteri,0,0,638,1,210175000,3.033,1,0,0,0,3,-0.002687138187403907,-0.014482440847505869,0.01048235968937885,0.019353370544384886,0.006348141368498341,-0.01914070887330785,-0.07453427500329764
4028328d998eebe8019a91553d6c4a7e,MIATK,2025-11-17,2025-11-18,715525559,0,0,1,Müşteri,1,0,619,1,177460500,0.248,2,0,1,1,1,0.026848519676902476,-0.024103003885903154,-0.049293661390990055,-0.09181311485948151,-0.10361813234526486,-0.1609433851631776,-0.13370083406508548
4028328d998eebe8019a6ced1a222032,CWENE,2025-11-17,2025-11-18,898848244,0,0,1,Diğer,1,0,688,1,2400000000,2.67,8,1,2,0,0,0.02401569778942187,0.0146328226696895,-0.016041410577177895,0.06543054270114095,0.0678731490539512,0.01863763887069875,0.11548359266175878
4028328c998ee9d7019a929050fb4af5,FRIGO,2025-11-17,2025-11-18,113393007,0,0,1,Müşteri,0,0,150,1,358469586,3.161,2,1,4,0,0,0.05147187486842921,0.06916784977316266,0.027283532305347122,0.05197525601725766,0.05167551110628656,-0.23350383601324323,-0.2820950330841453
4028328c998ee9d5019a96bd73170a3d,TRILC,2025-11-18,2025-11-18,46358504,0,0,1,Müşteri,0,0,267,0,0,0.0,1,0,0,0,0,-0.04970492138642363,-0.05461498317295012,0.010297162017835012,-0.025964253804164172,-0.0286480046843964,-0.20115934052255813,-0.1899541860573664
4028328c998ee9d5019a962157aa0537,MAKIM,2025-11-18,2025-11-19,18177465,0,0,0,Müşteri,0,0,199,1,134355666,7.391,1,1,0,0,0,0.015294257843160857,0.026678671299472878,-0.023181084063685898,-0.046294342161767005,-0.06090237298715476,-0.06320092446690993,-0.08594654985010662
4028328c998ee9d7019a97b40d4e64d7,ORGE,2025-11-18,2025-11-19,69301850,1,0,1,Müşteri,0,0,697,1,188179239,2.715,1,0,0,0,3,0.019578004980673965,-0.01145468208944519,0.031175040950483884,0.004830851899727971,-0.017960032455820903,-0.05572583448540632,-0.08384823709026563
4028328c998ee9d5019a9ad7a12462eb,ASELS,2025-11-19,2025-11-19,9584113612,0,0,1,Müşteri,0,0,169,1,4301965056,0.449,1,0,0,0,0,0.02537171036513887,-0.12433171876817126,-0.037062017955649666,-0.036668585757460376,-0.0543435325073547,-0.03698818596532011,0.05403447143375462
4028328c998ee9d5019aa0d8f7044ee9,GESAN,2025-11-20,2025-11-20,283975754,0,0,1,Müşteri,0,0,366,1,82578645,0.291,2,0,0,0,0,0.005207044340848379,0.016769971580973427,-0.0012121082100555495,-0.044581786098382356,-0.03585206621602116,-0.016929177714730754,-0.05918674704489407
4028328c998ee9d5019aa086f5ab48bc,CWENE,2025-11-20,2025-11-20,898848244,0,0,0,Müşteri,0,0,493,1,87307182,0.097,8,0,2,0,0,-0.01879209803513204,0.07207924924991554,0.09279900088255509,0.09524160723536534,0.031166225202123175,0.11976809863563678,0.17003144531285178
4028328d998eebe8019a97699bb26d82,MACKO,2025-11-20,2025-11-20,34783251,0,0,1,Müşteri,0,0,335,1,300000000,8.625,3,0,14,0,0,0.002957117320682294,-0.048873135621840154,-0.017072560714649992,0.02103869700695681,0.04014096063403458,0.03642944712028129,-0.17337437005813439
4028328d998eebe8019aa51efa6a4803,GESAN,2025-11-21,2025-11-21,283975754,0,0,1,Müşteri,0,0,493,0,0,0.0,2,0,0,0,0,-0.006231351054581121,0.029433827912462626,-0.0036064663269949598,-0.023881939718084916,-0.04753047193138781,-0.013883340882470415,-0.03322901303276294
4028328d998eebe8019aa195ee381fb8,SDTTR,2025-11-21,2025-11-21,206840623,0,0,0,Müşteri,0,0,501,1,33825520,0.164,1,0,0,0,0,-0.019728950168986133,-0.01212100496990351,0.00013031923463866334,0.03203911792765672,-0.01699404102097468,-0.005096330975693505,-0.02682257507384021
4028328c998ee9d7019aa5489c4b3060,ALVES,2025-11-21,2025-11-21,191896437,0,0,0,Diğer,0,0,257,1,315475647,1.644,3,0,3,1,0,-0.022972854692311043,-0.09483786607790258,-0.023419762084299262,-0.073947895457214,-0.11341880116389787,-0.06058379945929244,-0.009863000590169447
4028328c998ee9d5019aa6713e0c3f1e,BALSU,2025-11-21,2025-11-21,127053754,0,0,1,Müşteri,0,0,168,1,1350000000,10.625,3,0,0,0,1,-0.06426332916923715,-0.13080092996734694,0.07330249518253389,0.032244781718508315,0.007619746721660022,-0.0028206845746853925,-0.11487980368234638
4028328d998eebe8019aa18174fc1dd3,OBASE,2025-11-21,2025-11-24,19838328,0,0,1,Müşteri,0,0,676,1,23800000,1.2,2,0,0,0,0,-0.047210895603647114,0.012507656194675457,0.0003526345163624717,-0.038335521036580895,-0.0345172578958376,-0.038415008717685856,-0.10100218303606495
4028328c998ee9d7019aa5f7c63a36ee,ALTNY,2025-11-21,2025-11-24,331327283,0,0,0,Müşteri,1,0,223,1,84822312,0.256,1,0,1,1,0,-0.032294292770583086,0.03718958526936803,0.003195158677817844,-0.020875656075733953,-0.021863110251949355,-0.02185529639242707,0.02009513503152845
4028328d998eebe8019a9b118e737a5b,KLYPV,2025-11-24,2025-11-24,108765038,0,0,0,Müşteri,0,0,322,1,218323211,2.007,3,0,0,0,0,-0.04916934059498697,-0.021155903969839962,0.009411854947800082,-0.03134319729026793,-0.059464771228783464,-0.008000496535439373,0.019858626331793094
4028328d9aaa2dfa019ab9b4dea538e7,YEOTK,2025-11-25,2025-11-25,354678228,0,0,0,Müşteri,0,0,625,1,3700678402,10.434,1,0,0,0,0,-0.04719545036804665,0.14451894034231935,0.014733997732191946,-0.007279141766568358,-0.011014097007103712,0.025623329317929548,-0.05056852792207712
4028328c9aaa2bf9019ab5cc65691973,HRKET,2025-11-25,2025-11-25,89533904,1,0,1,Müşteri,0,0,469,1,345289420,3.857,3,0,0,0,3,-0.0196674992917506,-0.06456819979161285,0.002087494138036775,0.011700283315165044,0.01268932694572006,-0.01340971362597549,-0.025351917218472513
4028328d9aaa2dfa019ab9be380339dc,BURVA,2025-11-25,2025-11-25,30903820,0,0,0,Müşteri,0,0,241,1,11475310,0.371,13,0,0,0,0,0.2514224541729447,0.3835642574710595,0.06423894319388979,0.07602983503369301,0.13448028548225785,0.09675226831102973,0.36463008932571217
4028328c9aaa2bfa019aba9ab3152d11,SDTTR,2025-11-25,2025-11-25,206840623,0,0,0,Müşteri,0,0,402,0,0,0.0,1,0,0,0,0,-0.03939491426487653,0.012792906263874979,0.031043371352565144,-0.017989787596066262,-0.027388835773996464,-0.018326202478816535,-0.02287917989726935
4028328d9aaa2dfa019ab629ca0d274f,DESA,2025-11-25,2025-11-26,17381321,1,0,1,Diğer,0,0,1196,0,0,0.0,3,1,4,0,0,-0.1313243063345203,-0.15400961259417847,-0.011445563001780667,-0.012007632672910063,-0.010393347141716382,-0.020568270899260777,-0.04794904096241191
4028328c9aaa2bfa019abb98904d455d,OZATD,2025-11-25,2025-11-26,147850722,1,0,1,Müşteri,1,0,584,1,76472074,0.517,4,1,0,0,0,-0.05900275186447282,-0.1903275902697698,-0.003558908273408682,-0.0021050608336438672,-0.03992299902729222,-0.041228070186724246,-0.11415114937723099
4028328c9aaa2bf9019abbc547c456e6,ONCSM,2025-11-25,2025-11-26,156246500,0,0,1,Müşteri,0,0,361,1,66711910,0.427,7,1,0,0,0,-0.062401781259723066,0.26628009632493704,0.03161082946984613,-0.005365802530014508,0.14530602944744195,0.15077725588614257,0.12850486935765199
4028328d9aaa2dfa019abf1d0e1b634b,MACKO,2025-11-26,2025-11-26,34783251,0,0,1,Müşteri,0,0,348,1,300000000,8.625,3,0,14,0,0,0.004376045370616874,-0.05619537731517187,0.025729809873757926,-0.005485643743301361,-0.015119179779410555,0.08039239024011807,-0.25655802556943963
4028328c9aaa2bfa019ac00dbf495f70,GENIL,2025-11-26,2025-11-26,293434728,0,0,1,Tedarikçi,1,0,715,1,784568000,2.674,4,0,0,0,0,-0.029901532557803416,0.03010697976996879,0.007105355610987532,0.0027385838416366503,0.013536780629481817,0.0281928034187212,-0.06754222179524459
4028328d9aaa2df9019ac015ee92672a,CONSE,2025-11-26,2025-11-27,26647812,1,0,1,Müşteri,1,0,641,0,0,0.0,2,0,0,0,0,-0.00715541579136267,-0.013466934380613095,0.0003426929221866409,-0.002138715632754741,0.01780145096406369,-0.038916816464691396,-0.12058250161231676
4028328c9aaa2bfa019ac19b6603706b,KLSYN,2025-11-26,2025-11-27,45897582,0,0,1,Müşteri,1,0,833,0,0,0.0,8,1,0,0,4,-0.008434314321480058,-0.08086360440985511,-0.01594046069024887,-0.01462783500458182,0.0019068688707727657,0.013483072268756918,0.1371092933450585
4028328d9aaa2dfa019ac3d4b5307d9c,DOFRB,2025-11-27,2025-11-27,989899969,0,0,1,Müşteri,0,0,770,1,242211258,0.245,23,2,0,0,0,-0.12808926669846057,-0.060652429935676336,-0.06848533873204114,-0.07833712795468985,0.009481939505891825,0.015663020159814123,0.07961901141388857
4028328d9aaa2df9019ac444fa367722,BRLSM,2025-11-27,2025-11-27,56758449,0,0,1,Müşteri,0,0,683,0,0,0.0,1,0,0,0,0,0.0061833932595171896,-0.10459978870141377,0.024666991829403524,0.009764027477788708,0.016243951849472797,0.009860649523935196,-0.04065264012016106
4028328d9aaa2dfa019ac431864c7796,HRKET,2025-11-27,2025-11-27,89533904,0,0,1,Müşteri,0,0,253,1,41830752,0.467,3,0,0,0,5,-0.004362354049465077,-0.0703204239327044,0.0037812173981657264,0.004770261028720743,0.0026314809459092496,-0.03199093602527111,-0.032137320740027404
4028328d9aaa2dfa019ac4339fc877df,HRKET,2025-11-27,2025-11-27,89533904,0,0,1,Müşteri,0,0,460,1,72016080,0.804,3,0,0,0,5,-0.004362354049465077,-0.0703204239327044,0.0037812173981657264,0.004770261028720743,0.0026314809459092496,-0.03199093602527111,-0.032137320740027404
4028328d9aaa2df9019ac561dfd40229,REEDR,2025-11-27,2025-11-27,170410269,0,0,1,Tedarikçi,0,0,1465,0,0,0.0,7,1,8,4,0,-0.23795459153048412,-0.046824271896227225,0.01206311566246173,-0.014079339705565264,-0.010939547246804598,-0.040158951425078436,-0.12060909057794095
4028328c9aaa2bf9019ac98faab90dc4,MEKAG,2025-11-28,2025-11-28,61629933,0,0,1,Müşteri,0,0,313,0,0,0.0,4,1,0,0,0,0.021527446611677718,-0.2260014617702078,0.011968019171911183,0.006874042806396271,0.03872808370028076,-0.04002443774005807,-0.006232999350465895
4028328d9aaa2dfa019aca1e0e702328,FRIGO,2025-11-28,2025-12-01,113393007,0,0,1,Müşteri,0,0,302,1,760034189,6.703,3,1,9,4,0,-0.2863642898735941,0.16858229498447105,-0.013069350552448964,-0.022093907065722753,-0.0113840790588603,-0.05085456570036202,0.2925610941657718
4028328c9aaa2bfa019acb10de0f3201,ARDYZ,2025-12-01,2025-12-01,236001748,0,0,1,Tedarikçi,0,0,424,1,16854000,0.071,3,1,0,0,0,0.16611480879772597,-0.03163862639440635,-0.029872767620722482,0.029450711893767776,0.11645030935222742,0.12569501933447982,-0.001661537470914721
4028328c9aaa2bf9019ad8f8d5c82e99,TRILC,2025-12-01,2025-12-01,46358504,0,0,1,Müşteri,0,0,308,0,0,0.0,3,2,3,3,0,-0.14136571367424464,-0.1015475757525292,-0.039508235498095075,0.00820046215610735,-0.005949587858935727,-0.015484041438532402,-0.04583222874498342
4028328c9aaa2bf9019ad98a02b533c4,ONRYT,2025-12-01,2025-12-01,63543988,1,0,1,Müşteri,1,0,982,1,407193600,6.408,2,0,0,0,0,-0.016117157534018173,-0.2770609512030246,-0.0002633915891629818,0.02028398184738489,0.053653179754564295,0.002291040398281467,0.07117921379199332
4028328d998eebe8019a9b0010ed7921,KLYPV,2025-12-02,2025-12-02,108765038,0,0,0,Müşteri,0,0,290,1,1080667194,9.936,3,0,0,0,0,-0.07657330765861582,-0.055070783878539496,0.033917457596091105,0.08133822459715206,0.039058858007277555,0.08673520264468429,0.04974570579285861
4028328c9aaa2bfa019adf378d11665b,LINK,2025-12-02,2025-12-03,190130240,0,0,1,Müşteri,1,0,1583,1,2031840,0.011,18,0,5,0,0,-0.011678670756938318,-0.3339570320898833,0.10743409410187368,0.19932392667944307,0.12919188252305036,0.029396786106466684,-0.011732100552276047
4028328c9aaa2bf9019ae07538b67324,ARDYZ,2025-12-02,2025-12-03,236001748,0,0,0,Müşteri,0,0,250,1,5193885,0.022,3,1,0,0,0,0.04593812879081261,0.11982240302022232,0.013760914437204426,0.10076051189566407,0.12852625192163736,0.10910017697526597,-0.009533041171024376
4028328c9aaa2bfa019adf6411e469a2,ARDYZ,2025-12-03,2025-12-03,236001748,0,0,1,Tedarikçi,0,0,344,1,119520457,0.506,3,1,0,0,0,0.04593812879081261,0.11982240302022232,0.013760914437204426,0.10076051189566407,0.12852625192163736,0.10910017697526597,-0.009533041171024376
4028328d9aaa2dfa019ae47aa2b42c20,CGCAM,2025-12-03,2025-12-04,152326005,1,0,1,Müşteri,0,0,237,1,224726400,1.475,3,1,0,0,0,0.06464735404425292,-0.09924786082970768,-0.021360977368839507,-0.08551891397186386,-0.1008549805978426,-0.10837472879451614,-0.06620519407409306
4028328d9aaa2df9019ae3fcfa6111ee,CWENE,2025-12-03,2025-12-04,898848244,0,0,1,Müşteri,0,0,877,1,664210934,0.739,8,0,2,0,0,0.08860187343351361,0.003505053533376434,0.07556760011532976,-0.008654472267748691,0.025055823224041252,0.050263346677215,0.019201920830750122
4028328c9aaa2bfa019ae819a7991f04,GESAN,2025-12-04,2025-12-04,283975754,0,0,1,Müşteri,0,0,371,1,98645915,0.347,2,0,0,0,0,0.01892288850129041,-0.11899442546772336,0.0018337286222047887,-0.008344726556505751,-0.04575141370046647,-0.042257569330163315,0.025515424654897163
4028328c9aaa2bfa019ae9c213a63a1d,ONRYT,2025-12-04,2025-12-04,63543988,1,0,1,Müşteri,1,0,784,1,311747136,4.906,2,0,0,0,0,0.02922391320169504,-0.28099292843138246,0.02424293276978244,0.0013937198348584615,-0.0036849666179013703,-0.030037979093385517,-0.008123177249196962
4028328d9aaa2dfa019aedbc3e4b407c,FRIGO,2025-12-05,2025-12-08,113393007,0,0,1,Müşteri,0,0,313,1,906023609,7.99,4,1,10,1,0,-0.0113840790588603,-0.1565592969395663,0.008162566232613813,-0.029016500794281114,-0.03947048664150172,0.16121250932588196,0.18874782993115796
4028328d9aaa2dfa019aef324c1105c4,ORGE,2025-12-05,2025-12-08,69301850,1,0,1,Müşteri,0,0,652,1,189679156,2.737,1,0,0,0,3,-0.02908412783887628,-0.03840192900162399,0.012375950982304457,0.0023378660299840956,-0.012602405725309756,-0.013873680291829898,-0.06484228887412684
4028328c9af2405e019af98edd7103b1,ARDYZ,2025-12-08,2025-12-08,236001748,0,0,0,Müşteri,0,0,285,1,105759015,0.448,3,0,0,0,0,0.11645030935222742,0.1987972761661937,-0.03349253184926173,-0.010028275176947652,0.00924470998225239,-0.03819260573302549,-0.024952601439165768
4028328c9aaa2bf9019aedf595d33ca8,HOROZ,2025-12-08,2025-12-09,77343098,0,0,0,Müşteri,0,0,989,1,450000000,5.818,2,0,0,0,0,0.04660924089975767,-0.11418649998964196,0.005433717359324086,0.05653002604373538,0.06058822794274045,0.051164997321889415,-0.07308270349957738
4028328c9af2405e019afeba1d1f32b6,PLTUR,2025-12-08,2025-12-09,48323128,0,0,1,Müşteri,1,0,459,1,3375868925,69.86,0,0,0,0,0,0.02056908663732006,-0.26657552286622405,0.0832993490131658,0.036292612250370185,0.00912061138710938,0.030143806848111285,-0.02506086678935812
4028328c9af2405e019b01e0117a286f,BOBET,2025-12-09,2025-12-09,60474528,0,0,1,Müşteri,0,0,420,1,300000000,4.961,2,0,0,0,8,-0.009210745416912879,-0.040426340002493344,-0.0006789127429863993,-0.001326403979751614,-0.01631514131740881,-0.001818814791513201,0.00882666243357089
4028328c9af2405e019b03b0ce5048e8,ORGE,2025-12-09,2025-12-10,69301850,1,0,1,Müşteri,0,0,598,1,74674810,1.078,1,0,0,0,3,-0.008500828070464936,-0.03614782950473235,0.002468213931539216,-0.012472057823754636,-0.019621574534394375,-0.02422151133171336,-0.09623235128963237
4028328c9af2405e019b06f455145737,ONCSM,2025-12-10,2025-12-10,156246500,1,0,1,Müşteri,0,0,446,1,47000565,0.301,8,0,0,0,0,0.005471226438700643,0.08776498045922104,0.022392817965257775,0.008309667883761784,0.00760711957998767,-0.0222723865284906,-0.08055455461708266
4028328d9af24265019b07c9c363540f,ONCSM,2025-12-10,2025-12-10,156246500,0,1,1,Müşteri,0,0,634,1,47000565,0.301,8,0,0,0,0,0.005471226438700643,0.08776498045922104,0.022392817965257775,0.008309667883761784,0.00760711957998767,-0.0222723865284906,-0.08055455461708266
4028328c9af2405e019b07dde1fe6ad3,CVKMD,2025-12-10,2025-12-11,701714591,0,0,1,Müşteri,0,0,1767,0,0,0.0,7,0,5,0,0,0.09112683647035472,0.021017231495460517,0.006125052193724653,0.03326149703161046,0.1157765726296032,0.2294774130369582,0.2601133092196606
4028328c9af2405e019b0cf6fcb4071d,CWENE,2025-12-11,2025-12-11,898848244,0,0,0,Müşteri,0,0,498,0,0,0.0,10,2,2,0,0,0.025055823224041252,0.10097600060050475,-0.001415689631326822,-0.0019718710165051055,0.025207523453173748,0.06958048588174204,-0.09102124068010334
4028328d9af24264019b0dfdc8a31371,ORGE,2025-12-11,2025-12-12,69301850,1,0,1,Müşteri,0,0,495,1,210175000,3.033,1,0,0,0,3,-0.014587586515937931,-0.06228336434017543,-0.006156999911849271,-0.013306516622489013,-0.01513645449449584,-0.006903844667677849,-0.07928156477854273
4028328c9af2405e019b0db28c477d9a,VBTYZ,2025-12-11,2025-12-12,53004150,0,0,1,Müşteri,0,0,281,1,227771176,4.297,2,0,4,0,0,-0.007919205346791918,-0.12397722818720563,0.0032574335813644,0.01298849297647513,0.014973404467134525,0.07659852263405986,-0.11854074659897698
4028328d9af24265019b0e2a9fa50580,VBTYZ,2025-12-11,2025-12-12,53004150,0,1,1,Müşteri,0,0,457,1,227771176,4.297,2,0,4,0,0,-0.007919205346791918,-0.12397722818720563,0.0032574335813644,0.01298849297647513,0.014973404467134525,0.07659852263405986,-0.11854074659897698
4028328c9af2405e019b1dd7f3982fcf,ARDYZ,2025-12-15,2025-12-15,236001748,0,0,1,Müşteri,0,0,279,1,464816,0.002,3,0,0,0,0,0.00924470998225239,0.29861972284524135,0.00886261032630596,-0.07459758496358392,-0.047437315715277886,-0.12735655680539454,-0.016900243674113823
4028328c9af2405e019b01f5276a29ae,HRKET,2025-12-15,2025-12-15,89533904,0,0,1,Müşteri,0,0,439,1,68193760,0.762,3,0,0,0,6,-0.008997190689209388,-0.00911185748269979,-0.0012583459527524346,0.013588780865706413,-0.01999330518785921,-0.00221324219918533,-0.04312103289213881
4028328d9af24264019b22e0a5044abb,HOROZ,2025-12-15,2025-12-16,77343098,0,0,1,Müşteri,0,0,1171,1,665000000,8.598,2,0,0,0,0,0.06058822794274045,-0.028423904696697117,0.01690793796445007,0.019804510763292673,-0.00942323062085104,-0.05521982647337103,-0.13653175065699885
4028328c9af2405e019b2b3fc3390d41,GESAN,2025-12-17,2025-12-17,283975754,0,0,1,Müşteri,0,0,435,1,343378095,1.209,2,0,0,0,0,-0.001307141189653477,-0.0787381858913565,-0.014536867237714423,0.02327118782719781,-0.016689827985457484,0.04237588457344566,0.06761328281671918
4028328c9af2405e019b2c42e3b404f4,GESAN,2025-12-17,2025-12-17,283975754,0,0,1,Müşteri,0,0,436,1,261214690,0.92,2,0,0,0,0,-0.001307141189653477,-0.0787381858913565,-0.014536867237714423,0.02327118782719781,-0.016689827985457484,0.04237588457344566,0.06761328281671918
4028328c9af2405e019b2c74d82a0b77,OZATD,2025-12-17,2025-12-17,147850722,0,0,1,Müşteri,1,0,390,1,200823950,1.358,5,0,0,0,0,-0.05125132044755534,-0.10023082205119707,-0.009734435626772174,-0.008426002602626603,-0.021671758742951408,-0.02270562086417949,-0.11662181820379224
4028328d9af24264019b2ccc496b796a,SMRTG,2025-12-17,2025-12-17,160562921,0,0,0,Müşteri,0,0,963,1,369764680,2.303,5,2,0,0,0,-0.1820513572860997,0.08248812486258285,0.05239274441277102,0.005471452840004519,-0.03918027452599539,-0.061524177434377936,-0.17424917183921934
4028328d9af24265019b2ca9342f0aee,ISKPL,2025-12-17,2025-12-18,270146634,1,0,0,Müşteri,0,0,453,0,0,0.0,6,0,0,0,0,-0.006309066479392536,0.26724032173042767,-0.00014684703508354945,0.03194532955455615,0.04292543938295692,-0.09598944473175337,-0.19341006582015494
4028328d9af24264019b2d2aa7a911fd,VBTYZ,2025-12-17,2025-12-18,53004150,0,0,1,Müşteri,0,0,940,0,0,0.0,2,0,4,0,0,-0.0031961359409805935,-0.08195008975588777,0.009557160478839368,0.01043331007951311,0.004847106273712254,0.023899151765044018,-0.10614792378566416
4028328d9af24264019b2d93ed4612ed,ARDYZ,2025-12-18,2025-12-18,236001748,0,0,0,Müşteri,0,0,404,1,180887400,0.766,4,1,0,0,0,-0.05532459980438387,0.20419272877700007,-0.002560119800845627,0.00488981525352162,-0.0182843850409047,-0.005808515914776172,0.005047398725413252
4028328c9af2405e019b30305525139d,GESAN,2025-12-18,2025-12-18,283975754,1,0,1,Müşteri,0,0,916,1,376637850,1.326,2,0,0,0,0,0.0034938443703031504,-0.06268059141519722,0.02474562580207558,0.03661067641474313,0.00026952625507923846,0.06777299398506048,0.07371054141749914
4028328d9af24264019b303755b5177c,ALVES,2025-12-18,2025-12-18,191896437,0,0,1,Müşteri,0,0,349,1,217942276,1.136,3,0,3,0,0,0.01320788666278754,-0.14436088703762096,0.09515018534390372,0.046206505073248735,0.05408659948217311,0.06315283066731632,0.09932313931901082
4028328d9af24264019b302e23de168b,ALVES,2025-12-18,2025-12-18,191896437,0,0,1,Müşteri,0,0,349,1,225364855,1.174,3,0,3,0,0,0.01320788666278754,-0.14436088703762096,0.09515018534390372,0.046206505073248735,0.05408659948217311,0.06315283066731632,0.09932313931901082
4028328d9af24265019b3023002214f4,ALVES,2025-12-18,2025-12-18,191896437,0,0,1,Müşteri,0,0,353,1,246992715,1.287,3,0,3,0,0,0.01320788666278754,-0.14436088703762096,0.09515018534390372,0.046206505073248735,0.05408659948217311,0.06315283066731632,0.09932313931901082
4028328c9af2405e019b3098b17c1924,FORTE,2025-12-18,2025-12-18,146666539,0,0,1,Müşteri,0,0,355,1,39780000,0.271,5,0,0,0,0,-0.002431246165904243,0.051625893576533695,-0.02432792018172904,-0.01786561283980997,-0.03027417873772749,0.019750494493554645,0.032162250181206664
4028328d9af24265019b31a1960b25ec,BVSAN,2025-12-18,2025-12-19,86462266,0,0,0,Müşteri,0,0,226,1,99798996,1.154,10,0,1,0,0,-0.022766623203251932,-0.0005818627181152755,0.027068007106151863,0.014305969701079536,0.005137353800878039,-0.021728327273343947,-0.0015507202511136245
4028328d9af24265019b35911c2739df,BVSAN,2025-12-19,2025-12-19,86462266,1,0,0,Müşteri,0,0,252,1,16627687,0.192,10,0,1,0,0,-0.022766623203251932,-0.0005818627181152755,0.027068007106151863,0.014305969701079536,0.005137353800878039,-0.021728327273343947,-0.0015507202511136245
4028328d9af24265019b3594c7a03a66,BVSAN,2025-12-19,2025-12-19,86462266,0,0,0,Müşteri,0,0,271,1,25584968,0.296,10,0,1,0,0,-0.022766623203251932,-0.0005818627181152755,0.027068007106151863,0.014305969701079536,0.005137353800878039,-0.021728327273343947,-0.0015507202511136245
4028328c9af2405e019b363df035373b,ASELS,2025-12-19,2025-12-19,9584113612,0,0,1,Müşteri,0,0,172,0,0,0.0,1,0,0,0,0,-0.00976272540431673,0.0835414579918018,0.032178887887074334,0.08660090648434068,0.10599121342816173,0.13158885393967318,0.3272461673144888
4028328d9af24264019b371e464838d6,BRSAN,2025-12-19,2025-12-22,942474720,0,0,0,Müşteri,0,0,787,0,0,0.0,6,0,0,0,0,0.00040948305141598533,0.022762298092865806,0.04334995620569336,0.041851423892817444,0.06496261156816413,0.05887863604615092,0.1394552492936525
4028328d9af24265019b44fa5f265d19,EDATA,2025-12-22,2025-12-22,77119604,0,0,1,Tedarikçi,0,0,426,0,0,0.0,4,1,0,0,0,-0.014574613087321033,-0.1000368444583376,-0.006881264154633756,-0.005580952409647573,0.20451436178701546,0.32654096364699614,0.45536413186497093
4028328d9af24264019b46057e235ae3,ALVES,2025-12-22,2025-12-22,191896437,0,0,0,Müşteri,0,0,232,1,389661347,2.031,4,1,3,0,0,0.07972841670265349,-0.09197548699928564,-0.02313984847989302,-0.015259754070968641,-0.014339720836900756,-0.025737195302715878,0.12841367941765097
4028328c9af2405e019b46559a036aa2,FONET,2025-12-22,2025-12-22,137502118,0,0,1,Müşteri,0,0,192,1,113382189,0.825,6,0,0,0,0,-0.009601222048128827,-0.033269019828482085,-0.004376533753468512,-0.0031263873435509165,-0.022096040179372885,0.010317097132803495,-0.08133505203000349
4028328d9af24264019b4660561b6298,HTTBT,2025-12-22,2025-12-23,27990416,0,0,1,Müşteri,0,0,409,0,0,0.0,1,0,1,0,0,0.005445259291715179,-0.16991598146241713,-0.003368497638137197,0.017706408107920374,-0.008684225517019297,-0.0499352077206858,-0.0277353743405628
4028328c9af2405e019b45b0623d5e81,FRIGO,2025-12-22,2025-12-23,113393007,0,0,1,Müşteri,0,0,311,1,1040893852,9.18,6,1,10,0,0,0.2405145547209659,-0.33377054419043184,0.07542852767898503,0.14094826125954724,0.10673728333007819,0.05932688691021565,0.14887889042301294
4028328c9af2405e019b49b161e2758d,YEOTK,2025-12-23,2025-12-23,354678228,1,0,1,Müşteri,0,0,995,1,3156839234,8.901,1,0,0,0,0,-0.03449000820120244,-0.016078519720874675,0.005673231999870508,0.018381485700391827,0.02320835063684503,-0.06251666889146525,-0.05698300920214076
4028328c9af2405e019b49f1b50776fd,SDTTR,2025-12-23,2025-12-23,206840623,0,0,0,Müşteri,0,0,415,1,57067779,0.276,1,0,0,0,0,-0.009005380187245083,-0.013873799710024266,0.020768594417716075,0.025830134756582798,-0.005625527351722449,0.0017913682459535945,-0.032360511667863356
4028328c9af2405e019b4ae05d550a71,BVSAN,2025-12-23,2025-12-23,86462266,0,0,0,Müşteri,0,0,259,1,20557366,0.238,10,0,1,0,0,0.008392553195357456,-0.08129722652320436,0.0018299900745282094,-0.007338625825673287,-0.012844494077861819,-0.0777743234030117,0.030427302575419642
4028328d9af24264019b118514411d59,DOAS,2025-12-23,2025-12-24,260442416,0,0,1,Tedarikçi,0,0,507,0,0,0.0,0,0,0,0,0,-0.01810050912033577,-0.026233364263697677,0.01084898171755642,0.009827548720669816,0.027114266824689155,0.058239649480826466,0.11576271864579331
4028328d9af24264019b4bca7c710cc9,VBTYZ,2025-12-23,2025-12-24,53004150,0,0,1,Müşteri,0,0,602,1,207400000,3.913,2,0,4,0,0,-0.006489073057741136,-0.044096225997386204,0.0037639303432734175,0.05699806218382896,0.06687471749818392,-0.08486513114769088,-0.08310873703923448
4028328d9af24264019b4ef329d638e1,ARDYZ,2025-12-24,2025-12-24,236001748,0,0,0,Müşteri,0,0,301,1,18602919,0.079,4,0,0,0,0,-0.07950120853698382,0.15503830576607858,-0.012475716564854303,-0.046950303365760226,-0.03913200960930653,0.03794101613713863,0.09024513072576414
4028328d9af24264019b456d7c066cee,HRKET,2025-12-24,2025-12-24,89533904,1,0,1,Müşteri,0,0,455,1,470177400,5.251,2,0,0,0,6,-0.023571188351402133,-0.00716268388226269,0.004428123272599962,0.013947094331855295,0.034754642408387076,-0.01931078511411134,-0.003922501559238798
4028328c9af2405e019b50ea63f63e33,AGROT,2025-12-24,2025-12-26,85222264,0,0,1,Tedarikçi,0,0,2263,0,0,0.0,3,2,1,1,0,-0.06701066373095822,-0.07717537238681747,-0.0513547389627187,-0.09558611450887697,-0.037535203128138385,-0.02732011418367557,-0.11156512481474799
4028328c9af2405e019b50cd213f3976,ARDYZ,2025-12-24,2025-12-26,236001748,0,0,1,Müşteri,0,0,694,1,7376900,0.031,4,0,0,0,0,-0.0182843850409047,0.09237792803265578,-0.026784077066475412,-0.03762746428335202,0.01247586912612853,0.0843203124605052,0.08051883414331137
4028328c9af2405e019b50f1cfc33ee4,VBTYZ,2025-12-24,2025-12-26,53004150,0,0,1,Müşteri,0,0,308,1,298776366,5.637,2,0,4,0,0,0.004847106273712254,-0.020922419288736366,0.06633517237205244,0.05845829723469203,0.019052045491331764,-0.10886065803733234,-0.0966549079816785
4028328c9af2405e019b551a627455ad,BVSAN,2025-12-25,2025-12-26,86462266,0,0,0,Müşteri,0,0,403,1,137311660,1.588,10,0,1,0,0,-0.007115647446721321,-0.017184542448431737,0.005018018714386801,-0.0004878495378017304,0.00459697769686568,-0.06481097395413778,0.12135453568457559
4028328c9af2405e019b555577107830,FONET,2025-12-25,2025-12-26,137502118,0,0,1,Müşteri,0,0,177,1,77970708,0.567,6,0,0,0,0,-0.022028761329808518,0.014161029916169313,-0.027998593328992998,-0.0214943427749107,0.061961074365047046,-0.027942566333670045,-0.045240607617426494
4028328c9af2405e019b55a5aae97b68,ONRYT,2025-12-25,2025-12-26,63543988,1,0,1,Müşteri,1,0,681,1,314594102,4.951,2,0,0,0,0,0.02456119410840579,-0.0008140658916904779,0.007147569329145318,-0.0015668478409040585,-0.0026463922642172358,0.039145383648898024,-0.014155357378297205
4028328c9af2405e019b55b43afd4ddd,FORTE,2025-12-25,2025-12-26,146666539,0,0,1,Müşteri,0,0,958,1,1531027365,10.439,4,0,0,0,0,-0.03027417873772749,0.059940075868052486,0.023980001110175984,0.02763771394291856,0.05002467323128214,0.11496000441241147,0.0985071369634875
4028328d9af24265019b55f1702779a1,KONTR,2025-12-25,2025-12-26,698209472,0,0,1,Müşteri,0,0,605,0,0,0.0,13,1,6,3,0,-0.12249881802901129,-0.7233857673536522,-0.028909312767292507,-0.0796774421245145,-0.021234872865644665,-0.20323413520007835,-0.32946421254556485
4028328c9af2405e019b55f61fde62ba,HOROZ,2025-12-25,2025-12-26,77343098,0,0,0,Müşteri,1,0,460,0,0,0.0,2,0,0,0,0,-0.08942612224887138,0.11561416378185421,0.0048311584731787335,-0.003848120731668455,-0.031011931964420442,-0.08837482203942719,-0.09552336832609361
4028328c9af2405e019b564d5cfc0ae4,KLSYN,2025-12-25,2025-12-26,45897582,0,0,1,Müşteri,1,0,664,1,354000000,7.713,7,1,0,0,5,0.07543139702564988,0.061677896319408634,0.08433762742335914,0.11784306734253748,0.10311258549288385,0.1664139398816488,0.10245238349554042
4028328d9af24265019b56057df77c3b,ALTNY,2025-12-25,2025-12-26,331327283,0,0,0,Müşteri,1,0,249,1,130447596,0.394,1,0,1,0,0,0.04299215980459001,-0.015108241597639403,0.025730403919677014,-0.02479471358261065,-0.039217000798670756,-0.00209452652960232,-0.03564506672517355
4028328d9af24264019b592242bf7e10,YEOTK,2025-12-26,2025-12-26,354678228,0,0,1,Müşteri,0,0,896,1,128397504,0.362,1,0,0,0,0,-0.0002463241800308015,-0.036397430048250315,0.009459488103173402,0.01428635303962661,-0.006454949367421231,-0.09394921229824844,0.036829469761456755
4028328c9af2405e019b598fbd045f55,ASTOR,2025-12-26,2025-12-26,5966476824,0,0,1,Müşteri,0,0,456,0,0,0.0,2,0,0,0,0,0.05075922725168821,0.12202459195152894,0.039994788702598434,0.03759065630312562,0.014585098464542003,0.052097107359260646,0.22648228866412526
4028328c9af2405e019b59d1d31b6cd1,FORTE,2025-12-26,2025-12-26,146666539,0,0,0,Müşteri,0,0,488,1,55000000,0.375,4,0,0,0,0,-0.03027417873772749,0.059940075868052486,0.023980001110175984,0.02763771394291856,0.05002467323128214,0.11496000441241147,0.0985071369634875
4028328d9af24264019b59b4a4830481,ARDYZ,2025-12-26,2025-12-26,236001748,0,0,0,Müşteri,0,0,318,1,11155822,0.047,4,0,0,0,0,-0.0182843850409047,0.09237792803265578,-0.026784077066475412,-0.03762746428335202,0.01247586912612853,0.0843203124605052,0.08051883414331137
4028328d9af24264019b5a4c600d0ace,ARDYZ,2025-12-26,2025-12-26,236001748,0,0,1,Müşteri,0,0,318,1,287927978,1.22,4,0,0,0,0,-0.0182843850409047,0.09237792803265578,-0.026784077066475412,-0.03762746428335202,0.01247586912612853,0.0843203124605052,0.08051883414331137
4028328c9af2405e019b5ae2267418da,SMRTG,2025-12-26,2025-12-26,160562921,0,0,0,Müşteri,0,0,709,1,210067706,1.308,5,0,0,0,0,-0.09512250043842264,0.014218801132481218,-0.004448901210401486,-0.006501471908947282,-0.03809595589276848,-0.12234007048855694,-0.12687491907465998
4028328d9b5e6824019b68b638c4098c,YEOTK,2025-12-29,2025-12-29,354678228,0,0,1,Müşteri,0,0,1385,0,0,0.0,1,0,0,0,0,0.009134960886397484,-0.034042861341514415,-0.010504481038964631,-0.010746471853914807,-0.037929440651923316,-0.11724148964433714,0.02788635017029543
4028328c9b5e661e019b695418560cc2,CWENE,2025-12-29,2025-12-29,898848244,0,0,0,Müşteri,0,0,575,1,591071908,0.658,9,1,2,0,0,0.023618696379831078,0.07093535724478986,-0.009363554435835057,-0.030502266714796344,-0.05286126886954616,-0.11676402385999421,-0.08325008234347743
4028328c9b5e661e019b6a0e93ea12df,SMRTG,2025-12-29,2025-12-29,160562921,0,0,1,Müşteri,0,0,468,0,0,0.0,5,0,0,0,0,-0.06283471341910889,-0.06215996536508766,0.0033079751839704247,-0.01434552019832482,-0.06177049732806462,-0.12230062751928322,-0.11646581321829913
4028328d9b5e6824019b6a32835c1636,ALCTL,2025-12-29,2025-12-29,53810757,0,0,0,Müşteri,0,0,177,1,282098699,5.242,4,0,0,0,0,-0.019931509664532675,-0.027591002330920402,0.01174387261986786,-0.0019969260327935747,-0.023415532591172877,0.006840681681123283,0.0814674602403929
4028328d9b5e6824019b6a074e5413da,BVSAN,2025-12-29,2025-12-29,86462266,0,0,0,Müşteri,0,0,320,1,94597312,1.094,9,0,1,0,0,0.005137353800878039,-0.013661542439784288,-0.022832594841594663,0.0008132883346966117,-0.026865681074221985,-0.08502276463514255,0.06969613721669064
4028328c9b5e661e019b692445250825,HOROZ,2025-12-29,2025-12-30,77343098,0,0,0,Müşteri,1,0,688,1,300000000,3.879,2,0,0,0,0,-0.02006354997017569,0.07498320288924643,-0.023786611823483295,-0.05095042305623528,-0.09206577731099935,-0.11362413705816898,-0.11505237342938317
4028328c9b5e661e019b6a5fbd50171e,PLTUR,2025-12-29,2025-12-30,48323128,1,0,1,Müşteri,1,0,320,1,3375868925,69.86,0,0,0,0,0,0.04998562252020182,0.002381740399530458,0.02267300884640976,0.012783603437950429,-0.05736908843519436,-0.1166772129018339,-0.12864797051969454
4028328d9b5e6824019b6917641d0960,ANELE,2025-12-29,2025-12-30,41615499,0,0,1,Müşteri,0,0,426,1,22248557,0.535,2,0,0,0,0,-0.0005323424195222739,-0.05842441516913613,0.015566182833828619,0.009083439001767654,-0.07114217870698031,-0.017740341531686774,-0.0860864924692346
4028328c9b5e661e019b6f2878253bc0,ARDYZ,2025-12-30,2025-12-30,236001748,0,0,0,Müşteri,0,0,277,1,298800000,1.266,4,0,0,0,0,-0.07991924109011665,0.07825770361920192,-0.0031528774824461005,0.04695045592703445,0.09315924538397638,0.11045631313128071,0.1527365147676539
4028328c9b5e661e019b6fb6e47d476c,OZATD,2025-12-30,2025-12-30,147850722,0,0,1,Müşteri,1,0,385,1,85879000,0.581,5,0,0,0,0,-0.0248706037068036,-0.09880033240326232,-0.006214726839457735,-0.01546414468215119,-0.04121890802919397,-0.1062331570269099,-0.16755700401823975
4028328c9b5e661e019b73b54865625c,FONET,2025-12-31,2025-12-31,137502118,0,0,1,Müşteri,0,0,185,1,33952816,0.247,6,0,0,0,0,-0.020244196364993104,0.005393717881764658,0.022054450704532203,0.06574864116092678,0.021232948785959483,-0.02580575511404897,-0.013471018896229835
4028328d9b5e6825019b7420154c7304,ASELS,2025-12-31,2025-12-31,9584113612,0,0,1,Müşteri,0,0,389,1,11314327500,1.181,1,0,0,0,0,0.08317699357615535,0.11445475307257118,0.00810954959998558,0.005464252224382039,0.07367401679951859,0.13692073706604424,0.13383776205504394
4028328c9b5e661e019b798ce7ca0a3b,ODINE,2026-01-02,2026-01-02,348845744,0,0,1,Müşteri,0,0,533,1,276803330,0.793,4,0,0,0,0,0.047375681329923806,0.17799356399119776,0.025761720006412712,-0.013958103521277264,-0.061726724388331176,0.03846177102978664,-0.06238923100243056
4028328c9b5e661e019b7b07041b1538,ARDYZ,2026-01-02,2026-01-02,236001748,0,0,0,Müşteri,0,0,610,1,504000000,2.136,4,0,0,0,0,-0.03913200960930653,0.029598968438282153,0.039132162170580756,0.08534095162752268,0.07707302574644516,0.04712687070079047,0.10851367447411751
4028328c9b5e661e019b7ecbd5aa28e9,KONTR,2026-01-02,2026-01-02,698209472,0,0,1,Müşteri,0,0,873,0,0,0.0,10,0,6,0,0,-0.05298231571103034,-0.3166938437635252,-0.00454325399468198,-0.15094138628118903,-0.16194178095288833,-0.22948025944287945,-0.34178255279297254
4028328c9b5e661e019b7ef9862630d3,ASTOR,2026-01-02,2026-01-02,5966476824,0,0,1,Müşteri,0,0,402,1,923028635,0.155,1,0,0,0,0,0.038396348751012346,0.13187807928132836,-0.018470013570767902,-0.05342796495730048,-0.008646927881186891,0.15986326976210274,0.1370139882563515
4028328d9b827483019b85480fe30151,ARDYZ,2026-01-05,2026-01-05,236001748,0,0,0,Müşteri,0,0,315,1,81719050,0.346,4,0,0,0,0,0.01247586912612853,0.0033623374362234237,0.04869504013901671,0.0177555643589167,0.07184444333437667,0.010855914640189424,0.11774982074631275
4028328c9b82727a019b8dae3478131f,FORTE,2026-01-05,2026-01-05,146666539,0,0,1,Müşteri,0,0,395,1,56520000,0.385,4,0,0,0,0,0.05002467323128214,-0.028964324159534708,-0.010086611852419004,0.03629622098196109,0.06493533118112933,0.012411755687652017,-0.0916238905439855
4028328c9b82727a019b8dbfd1b31369,FORTE,2026-01-05,2026-01-05,146666539,0,0,1,Müşteri,0,0,354,1,38166706,0.26,4,0,0,0,0,0.05002467323128214,-0.028964324159534708,-0.010086611852419004,0.03629622098196109,0.06493533118112933,0.012411755687652017,-0.0916238905439855
4028328d9b827483019b8e93a66f4c8d,SMRTG,2026-01-05,2026-01-05,160562921,0,0,1,Müşteri,0,0,711,1,239821350,1.494,4,0,0,0,0,-0.03809595589276848,-0.1872847677550313,-0.02812344264569763,-0.06918436893168646,-0.08424411459578846,-0.06996460020619516,-0.12232724079845012
4028328d9b827483019b91e5118e2d81,ALVES,2026-01-06,2026-01-06,191896437,0,0,0,Müşteri,0,0,402,1,689661000,3.594,2,0,2,0,0,-0.025069060905216795,0.027597444916151508,-0.003348612235289565,-0.037403478133175565,-0.058734360735172575,0.09722664140754693,0.24019542106330358
4028328c9b82727a019b92be2b5d3563,TRILC,2026-01-06,2026-01-06,46358504,0,0,1,Müşteri,0,0,356,0,0,0.0,3,0,3,0,0,-0.02961641504222933,-0.04650335473615557,-0.021991647849629127,-0.015113567831734497,0.006506296728956363,-0.02773123465474834,-0.03017065618874469
4028328d9b827483019b99c210c13880,ARDYZ,2026-01-08,2026-01-08,236001748,0,0,0,Müşteri,0,0,281,1,80039379,0.339,4,0,0,0,0,0.06785889776839725,-0.08777219245632652,0.020185299216947703,0.08064845170336317,-0.009585944204647263,0.043341597848592595,0.07275186064189527
4028328d9b827483019b9de5eaf702d3,BVSAN,2026-01-08,2026-01-08,86462266,0,0,0,Müşteri,0,0,363,1,100358457,1.161,7,0,1,0,0,-0.06492982932514989,-0.038683391617240874,0.0050287103663290015,-0.014587067057804139,0.04339769184907136,0.10820162597843135,0.008138052687263768
4028328d9b827483019ba2142e5b5165,TUCLK,2026-01-09,2026-01-09,47455911,0,0,1,Müşteri,0,0,518,1,650878800,13.715,5,2,0,0,0,-0.03241139895870574,-0.09099677886590879,-0.10754450661747054,-0.11363402892447752,-0.1166351662200532,-0.13215576982000052,-0.018658295951647003
4028328d9b827483019ba330d60e033f,AKENR,2026-01-09,2026-01-09,85491172,0,0,1,Tedarikçi,0,0,1086,0,0,0.0,8,0,0,0,0,-0.06302818344167777,0.061266888106052256,-0.04543966312767405,-0.0422995181434152,-0.05607842725548034,-0.0971208858867573,-0.13888365386263768
4028328d9b827481019bb2d4fcc62e9f,ORGE,2026-01-12,2026-01-13,69301850,0,0,1,Müşteri,0,0,685,1,418256090,6.035,0,0,0,0,4,-0.05060975663722617,-0.02867180814131655,0.008700715897913207,0.008799188761998693,0.029379792952874184,-0.018958831680935675,-0.049211009886941805
4028328c9b82727a019bb3a774b7504d,ALTNY,2026-01-13,2026-01-13,331327283,0,0,0,Müşteri,1,0,199,1,40958314,0.124,2,0,1,0,0,0.0692629321486346,-0.010189333280701866,-0.005428597411727972,0.02301452398129176,-0.034559064815493215,-0.07540477840442902,-0.19154166341894135
4028328c9b82727a019bb74921da5e0c,TRILC,2026-01-13,2026-01-13,46358504,0,0,1,Müşteri,0,0,893,0,0,0.0,3,0,3,0,0,0.006506296728956363,-0.0795664741736068,-0.020004844575411216,-0.02923103727609408,-0.0342375313837047,0.021639293791977834,-0.04446170399006801
4028328c9b82727a019bbb47c2200abb,BRLSM,2026-01-14,2026-01-14,56758449,0,0,1,Müşteri,0,0,713,0,0,0.0,1,0,0,0,0,-0.02967864200503551,-0.07639619310936456,0.0638574645924828,0.01805377619530644,0.008658421703189678,0.05871990884129739,0.019785523103203296
4028328d9b827481019bbb98755260f1,FORTE,2026-01-14,2026-01-14,146666539,0,0,1,Müşteri,0,0,410,1,41650000,0.284,5,0,0,0,0,0.10695179213035598,0.004339354984596268,-0.025536587176411368,-0.045319197638233784,-0.09169509860812994,-0.024274578207387428,-0.16253974930745083
4028328c9b82727a019bc1efd8435f31,ESCAR,2026-01-15,2026-01-16,154148608,0,0,1,Müşteri,0,0,728,1,231651480,1.503,0,0,0,0,37,0.06152302810293767,0.12449563369782284,-0.0027680062653581607,-0.0596409865655733,-0.15042010181859708,-0.1752224828343918,-0.18039751869890347
4028328d9b827481019bd55e58e77a5c,BURCE,2026-01-19,2026-01-19,94202445,0,0,0,Müşteri,0,0,234,1,11878432,0.126,16,3,0,0,0,-0.16136517236941827,0.2257611927448307,-0.08251387979768787,-0.13734394575789977,-0.1382361742927185,-0.13450133562794953,-0.14852350377126758
4028328d9b827483019bc7289a0505bf,DOAS,2026-01-19,2026-01-20,260442416,1,0,1,Tedarikçi,0,0,227,0,0,0.0,0,0,0,0,0,0.006042971161734227,0.06265614859679146,-0.02874915028385996,0.02246699999944669,0.001124652552020519,-0.07838533460194727,-0.05253606328641466
4028328d9b827483019bd6a99cd033d8,ARDYZ,2026-01-20,2026-01-20,236001748,0,0,1,Müşteri,0,0,374,1,39240871,0.166,5,0,0,0,0,-0.06870032143481203,0.09515561994834931,0.0004581226568102148,0.06054128353702208,0.09974568979832793,0.07832517894324376,0.040022556177027886
4028328c9b82727a019bda24874741b4,GESAN,2026-01-20,2026-01-20,283975754,0,0,1,Müşteri,0,0,485,1,384536720,1.354,2,1,0,0,0,0.04228426183673922,0.021167825272978977,-0.046131526141711045,-0.021974405016609955,-0.02438021803247237,-0.06165825838301851,-0.005888142321682645
4028328d9b827483019bda15111344ba,ALVES,2026-01-20,2026-01-20,191896437,0,0,0,Müşteri,0,0,548,1,895039950,4.664,3,1,2,0,0,0.1559610021427195,-0.10692677559336086,0.05357562107753037,0.03575601170069838,0.07910946284773034,0.14296877965575666,0.14290254035221658
4028328d9b827483019bdba8c3d947ff,DCTTR,2026-01-20,2026-01-20,96862226,0,0,0,Müşteri,0,0,198,1,24152210,0.249,4,3,15,1,0,-0.08295002007146239,-0.19046289775887804,-0.04133556985304524,0.032799637052750706,0.021869478930381613,0.005549888588308647,0.017027522931873373
4028328c9b82727a019bdbc97e347717,ASTOR,2026-01-20,2026-01-20,5966476824,0,0,1,Müşteri,0,0,490,1,7099021467,1.19,2,1,0,0,0,0.12459891253846336,0.12849410067040626,-0.04529422844036847,-0.040336693635672466,-0.008028093329409715,-0.0933803504875461,-0.004256963203264136
4028328c9b82727a019bdb8f9e245906,ESCAR,2026-01-20,2026-01-21,154148608,0,0,1,Müşteri,0,0,606,1,575933040,3.736,0,0,0,0,36,-0.04578240113303364,0.13364357785485798,-0.04394027696731601,-0.08970829731579799,-0.1011374689289188,-0.08087813431017407,-0.11206034129143952
4028328c9b82727a019bdc4a3ca77cb9,ATATP,2026-01-20,2026-01-21,202662487,0,0,1,Diğer,0,0,770,0,0,0.0,3,1,0,0,0,0.142020863000757,-0.12928568993562925,0.01638262463864142,0.003991359203866491,0.06016967410813833,-0.06322360095478251,0.08428941509990397
4028328c9b82727a019bd58a0f1f202f,HRKET,2026-01-21,2026-01-21,89533904,1,0,1,Müşteri,0,0,572,1,147757214,1.65,1,0,0,0,6,0.023341992407455662,-0.023127727704279597,-0.0004591817913055823,-0.009341539743083885,0.04939456302154899,-0.010982491154469679,0.0333481420752672
4028328c9b82727a019be05fde237309,OZATD,2026-01-21,2026-01-21,147850722,0,0,1,Müşteri,1,0,387,1,160150430,1.083,3,0,0,0,0,-0.04772359383989046,-0.1311037607337135,0.004107868771135516,0.02919472439246212,-0.01360025315143939,-0.0521640651276725,0.03771770015163624
4028328c9b82727b019be0b890403065,ALFAS,2026-01-21,2026-01-22,76781029,0,0,1,Müşteri,0,0,215,1,691464000,9.006,2,0,0,0,0,-0.03143409658897968,-0.12492236087724568,0.010322625359625526,-0.0029334979606366286,-0.016242365248829473,-0.045681051418994166,-0.06926681676640839
4028328c9b82727a019be120fde61867,LINK,2026-01-22,2026-01-22,190130240,0,0,1,Müşteri,0,0,1341,1,1080618,0.006,17,2,8,0,0,-0.03414200735003157,-0.037052219957306017,0.019269880599708245,0.0023386370999214927,-0.021906836512026545,-0.10193879897023635,-0.08243546242318862
4028328c9b82727a019be512af8d10dc,DURKN,2026-01-22,2026-01-22,56076538,0,0,0,Müşteri,0,0,466,0,0,0.0,2,0,0,0,0,0.03631389804352663,0.11403125285638212,0.0020709832016777762,0.0006356338114489994,-0.018029611730934505,-0.10234312104387601,0.16249892693702175
4028328d9b827483019be5f4b13f0868,SMRTG,2026-01-22,2026-01-22,160562921,0,0,1,Diğer,0,0,474,1,699182521,4.355,4,0,0,0,0,-0.001043904928937392,-0.19150506350481653,-0.00011794489880786918,0.020717380311305385,0.030633471970792907,-0.01297440326156381,-0.05690639412401298
4028328d9b827483019be996561f1f00,SAFKR,2026-01-23,2026-01-23,137292458,0,0,1,Müşteri,0,0,257,0,0,0.0,8,0,2,0,0,0.07022415854836594,-0.23720396460630547,0.03565604966435701,0.05742035575700937,-0.03478234987044997,-0.07497732369390812,-0.030752260288588185
4028328c9b82727a019be9fede204b3c,ONRYT,2026-01-23,2026-01-23,63543988,0,0,0,Müşteri,0,0,341,1,22629559,0.356,3,0,0,0,0,-0.07677618962665295,0.026815482752881595,0.01681051674524627,0.013546218335917303,-0.047866077083912946,-0.098066451501699,-0.0983212348406447
4028328c9b82727a019bea0aff3f4c14,ONRYT,2026-01-23,2026-01-23,63543988,0,0,0,Müşteri,0,0,508,1,61144759,0.962,3,0,0,0,0,-0.07677618962665295,0.026815482752881595,0.01681051674524627,0.013546218335917303,-0.047866077083912946,-0.098066451501699,-0.0983212348406447
4028328d9b827483019be9f3b9bc246a,MEGMT,2026-01-23,2026-01-23,439275591,0,0,0,Müşteri,0,0,310,0,0,0.0,6,0,0,0,6,-0.0057907560023679125,-0.025540615697971808,-0.010987059876279034,0.01580465539144541,0.1008311947468424,0.06275254009565549,0.11485111297495348
4028328d9b827481019be9a4c4481084,ESCAR,2026-01-23,2026-01-26,154148608,0,0,0,Müşteri,0,0,779,1,259417800,1.683,2,2,0,0,38,-0.14658127761601314,0.10279077446429558,-0.05312772492233657,0.010308844268673612,0.045692110171418755,0.056745809253115745,-0.031090626685206683
4028328d9b827483019bf8de57cf3a72,BVSAN,2026-01-26,2026-01-26,86462266,0,0,0,Müşteri,0,0,334,1,97005384,1.122,4,0,1,0,0,0.1991325244625461,-0.0777779887779705,-0.04664037975349815,-0.12243471774787368,-0.1655648094043822,-0.1648723729074087,-0.18575355377326006
4028328d9b827483019bf6fe2d9e3f91,ARDYZ,2026-01-26,2026-01-26,236001748,0,0,0,Müşteri,0,0,235,1,15638126,0.066,5,0,0,0,0,0.05718705037699342,0.023331783766317955,0.061406419408612925,0.03382853730343262,0.0497068557291299,-0.0030992424167623424,-0.06896893084808282
4028328d9b827483019bf8f00ee83b67,ASELS,2026-01-26,2026-01-26,9584113612,0,0,1,Müşteri,0,0,228,0,0,0.0,2,2,0,0,0,-0.045640212820034505,0.21595590458166936,0.060605020259981664,-0.006084135402549222,-0.050181273167211764,-0.0771051010911716,-0.021719336862151863
4028328c9b82727a019bfa7668a8225b,MARBL,2026-01-26,2026-01-26,26710296,0,0,1,Müşteri,0,0,295,0,0,0.0,0,0,0,0,0,0.041745046902505814,-0.025877643791281536,-0.009257452271560766,0.035834804410306724,-0.06743585001842203,-0.07636320018913403,-0.15973235037310046
4028328c9b82727a019bf974a7637abb,CGCAM,2026-01-26,2026-01-26,152326005,0,0,1,Müşteri,0,0,296,1,29886357,0.196,4,0,0,0,0,0.11997749759724204,-0.03271016704336489,0.020500302175916175,-0.033880881368501585,0.0050126388469914265,-0.10454678814788149,-0.15958038499555854
4028328d9b827483019bfe181a046ec6,DGATE,2026-01-27,2026-01-27,29251376,0,0,1,Tedarikçi,0,0,342,0,0,0.0,2,0,0,0,0,0.023554649822695763,0.08590290964746185,0.040613941961615316,-0.04309341927533911,-0.006581482236577148,-0.12803841317623935,-0.1103821041110733
4028328c9b82727b019bfeb0db8b3884,CEOEM,2026-01-27,2026-01-27,37215244,0,0,1,Müşteri,1,0,325,1,31000000,0.833,2,0,0,0,0,0.027445635372679706,-0.182854843134075,-0.016698981359505347,-0.11501660265196968,-0.0916969559552346,-0.11004764717220265,-0.140881599019061
4028328d9b827481019bff0eb9f963cb,CWENE,2026-01-27,2026-01-28,898848244,0,0,0,Müşteri,0,0,494,1,464557450,0.517,5,0,0,0,0,0.04045378459498631,-0.07620796790431617,-0.02976839647537497,-0.0380310289652621,-0.0582226289482593,-0.017414061211811615,-0.08207279932494373
4028328d9b827483019be592827e1101,DOAS,2026-01-27,2026-01-28,260442416,0,0,1,Tedarikçi,0,0,527,0,0,0.0,0,0,0,0,0,-0.001828575426002651,0.05471901964181684,-0.023803237332691313,-0.041268718023190154,-0.04551376379176207,-0.018735970495865825,-0.07544708904465126
4028328d9b827483019c00015c9b0bb6,ALFAS,2026-01-27,2026-01-28,76781029,0,0,1,Müşteri,0,0,222,1,584763300,7.616,2,0,0,0,0,-0.004063884281195735,-0.1093092550985366,-0.025735982815332525,-0.08903514009364184,-0.10008457394455426,-0.061471122932034765,-0.11075064242835769
4028328c9b82727a019c04dbaebc1580,UCAYM,2026-01-28,2026-01-29,298646590,0,0,1,Müşteri,0,0,543,0,0,0.0,0,0,0,0,0,,,0.06791434994764282,0.2830336975882624,0.26330469110703286,0.10576016105609037,-0.14697861495819403
4028328c9b82727b019c053d4a7c0432,OZATD,2026-01-28,2026-01-29,147850722,1,0,1,Müşteri,1,0,593,1,274512654,1.857,3,0,0,0,0,-0.027087551491932548,-0.1436341552562071,-0.0017036717204218365,-0.02203838347342923,-0.030963243813275906,0.04861079897328818,0.16786453705474813
4028328c9b82727a019c087dd3872ac7,ORGE,2026-01-29,2026-01-29,69301850,0,0,1,Müşteri,0,0,656,1,230000000,3.319,0,0,0,0,6,-0.028039094350278862,-0.07655799580745161,-0.010578765111956595,-0.028616848026341537,-0.03287713365123904,-0.04193838507691657,-0.044645572567016165
4028328c9b82727a019c0d744e997240,CWENE,2026-01-30,2026-01-30,898848244,0,0,0,Müşteri,0,0,480,1,2227246682,2.478,6,1,0,0,0,0.044894712666701656,-0.021193950346208027,-0.0763472623161243,-0.09653886229912151,-0.08404296349772215,-0.1122079591082253,-0.14261513946733906
4028328d9b827483019c0b0105446a73,ARDYZ,2026-01-30,2026-01-30,236001748,0,0,1,Müşteri,0,0,278,1,12900000,0.055,5,0,0,0,0,-0.02086346586095315,0.12937714033507067,0.04836830844277599,0.03215158779718123,0.04721193157338839,-0.006674308858765265,-0.09177905202278572
4028328d9b827483019c0b1c8bff7135,CWENE,2026-01-30,2026-01-30,898848244,0,0,0,Müşteri,0,0,559,1,156145730,0.174,6,1,0,0,0,0.044894712666701656,-0.021193950346208027,-0.0763472623161243,-0.09653886229912151,-0.08404296349772215,-0.1122079591082253,-0.14261513946733906
4028328d9b827483019c0b21df5b7196,CWENE,2026-01-30,2026-01-30,898848244,0,0,0,Müşteri,0,0,581,1,1050079190,1.168,6,1,0,0,0,0.044894712666701656,-0.021193950346208027,-0.0763472623161243,-0.09653886229912151,-0.08404296349772215,-0.1122079591082253,-0.14261513946733906
4028328d9b827483019c0f6651b626f6,ASTOR,2026-01-30,2026-02-02,5966476824,0,0,1,Tedarikçi,1,0,501,1,2752971750,0.461,3,0,0,0,0,-0.0771667547167987,0.21189719019958325,-0.016837894206847854,0.00012733977438584255,-0.025595877569653588,0.10985780522162203,0.17912988604801505
4028328c9b82727b019c0e8a24d17969,UCAYM,2026-01-30,2026-02-02,298646590,0,0,1,Müşteri,0,0,588,0,0,0.0,0,0,0,0,0,0.43367163551363525,,0.11570278163795815,0.0959737751567286,0.05273195626416545,-0.17305751112732348,-0.17664020651721068
4028328c9b82727a019c1ce29e0a1b18,YEOTK,2026-02-02,2026-02-02,354678228,1,0,1,Müşteri,1,0,1369,1,4829355646,13.616,1,0,0,0,0,-0.06248732714298389,0.04328441912887798,0.027199443897302215,0.009652754673932387,-0.020363418156869987,-0.04314000091271794,-0.056437261645521146
4028328c9b82727b019c1fda2f217dc9,FRMPL,2026-02-02,2026-02-03,149460927,0,0,1,Müşteri,0,0,409,0,0,0.0,3,1,0,0,0,-0.23788543679636054,,0.08122732687478768,0.006405918684690995,-0.007439660356977419,-0.0491893584196581,-0.2277598571679869
4028328c9b82727a019c2225796e01df,MEGMT,2026-02-03,2026-02-03,439275591,0,0,0,Müşteri,0,0,316,0,0,0.0,7,1,0,0,6,-0.01369433426821655,0.05970069707950734,0.01637704245849077,0.06833562648404376,0.06967389970186665,0.004912918262444471,0.15193702195620137
4028328d9b827483019c229ff3472a0a,GESAN,2026-02-03,2026-02-03,283975754,0,0,1,Müşteri,0,0,918,1,750561215,2.643,2,0,0,0,0,-0.03727804035054614,0.016675253481479028,0.00345012915473092,0.03603271253119746,0.03606092452327106,0.05577011606133587,-0.1667308850986621
4028328d9b827483019c296010a64a9f,OZATD,2026-02-04,2026-02-05,147850722,1,0,1,Müşteri,1,0,583,1,146340565,0.99,3,0,0,0,0,-0.030963243813275906,-0.12788053335965516,0.007181442954891181,0.06954784916374623,0.07957404278656409,0.09675977789132303,0.3230707733283944
4028328d9b827483019c2d824bb5603a,SDTTR,2026-02-05,2026-02-05,206840623,0,0,0,Müşteri,0,0,418,1,38953510,0.188,1,0,0,0,0,-0.07898405617306488,-0.021622037702037394,-0.0035663640544918896,-0.019356517940557486,-0.026065318316730958,0.04662150802242851,0.323702426693922
4028328c9b82727a019c2e0c8ac455b8,HKTM,2026-02-05,2026-02-05,52204668,0,0,1,Müşteri,0,0,617,0,0,0.0,2,0,0,0,0,-0.013981043095154792,-0.03725442591066836,0.12118173887604304,0.13064101949315338,0.08648521719189067,0.036854112717188046,-0.04235299101298457
4028328c9c4c12c4019c4d094be2114d,KONTR,2026-02-11,2026-02-11,698209472,0,0,1,Müşteri,0,0,1217,1,2714652224,3.888,10,1,6,0,0,0.06014116539370334,-0.16652850635057906,0.03825337409392529,0.05499691900722989,0.06258317173176166,-0.038934892459857165,-0.09993676349768285
4028328d9c4c12c8019c4c675cf60481,CGCAM,2026-02-11,2026-02-12,152326005,0,0,1,Müşteri,0,0,168,1,109053804,0.716,5,1,0,0,0,-0.06912303221828225,0.07985032056875982,-0.00847118427396487,-0.012734743632265228,-0.033542106147031035,-0.06843061046078498,0.0207057801034622
4028328c9c4c12c4019c4df524b21900,GEREL,2026-02-11,2026-02-12,192296334,0,0,1,Müşteri,1,0,1636,0,0,0.0,3,0,0,0,0,0.3655539277343702,-0.25662687285989666,0.07084488319376137,0.012843292878962458,-0.014207538297942805,-0.003256215385625243,0.3211615775793433
4028328d9c4c12ca019c51e2df0f2f09,TCKRC,2026-02-12,2026-02-13,238099110,0,0,1,Müşteri,0,0,998,1,51749100,0.217,7,0,2,0,0,-0.0839965162476546,0.03343827837688289,-0.007358750747276288,0.03878277060985034,0.03120237058830683,0.029042119304326607,0.15226412116648985
4028328c9b82727b019c47bb91202551,KLYPV,2026-02-12,2026-02-13,108765038,0,0,0,Müşteri,0,0,352,1,61158155,0.562,1,0,0,0,18,-0.06079006954600502,0.0924115442623841,-0.0074051009796538055,-0.027954508603543704,-0.059842191552076984,-0.07227109099622987,-0.09746248279297318
4028328c9c4c12c1019c55ea62f95814,DGATE,2026-02-13,2026-02-13,29251376,0,0,1,Tedarikçi,0,0,636,0,0,0.0,2,0,0,0,0,-0.09811238787323165,-0.09003858380196686,-0.0021432876027614066,0.026040740574191933,0.035679916896144796,0.04469181741292251,0.07685335666939286
4028328d9c4c12c8019c560763e0516e,FORTE,2026-02-13,2026-02-13,146666539,0,0,0,Müşteri,0,0,558,1,366070439,2.496,1,0,0,0,0,-0.006117372124921837,-0.15365043307119017,0.034506429966290775,0.040137182619360764,0.0010703189989268948,-0.00583486325902106,0.09853459251013162
4028328d9c4c12c8019c6516eacb0338,BVSAN,2026-02-16,2026-02-16,86462266,0,0,1,Müşteri,0,0,306,1,543628050,6.287,1,0,0,0,0,0.00954496436408833,0.034260151555137404,0.008683362868281632,-0.00890670514481232,-0.0304261452299397,-0.056491623190539866,-0.03277167774592342
4028328d9c4c12c8019c65235095047a,ALTNY,2026-02-16,2026-02-16,331327283,0,0,0,Müşteri,1,0,224,1,525465696,1.586,2,0,0,0,0,-0.025154310636619215,-0.19045190119841376,6.581319940745945e-05,0.044275753620902435,0.06405544999500512,0.08095829904293075,0.023686175357413044
4028328d9c4c12c8019c6ac7ad60502a,FORTE,2026-02-17,2026-02-17,146666539,0,0,0,Müşteri,0,0,372,1,37158685,0.253,1,0,0,0,0,0.027895384356488744,-0.12786475147192386,0.007810702165526939,-0.03125616145490693,-0.004209754194658965,0.10451165907139619,0.1237561951840081
4028328d9c4c12ca019c716bb1a36efd,ODINE,2026-02-19,2026-02-19,348845744,0,0,1,Müşteri,0,0,1438,1,25195278,0.072,1,0,0,0,0,0.2991089093177241,-0.06536918909021737,0.08879886423182502,0.08921573373872274,0.22161676354046891,0.410075367655977,0.4055727264843934
4028328d9c4c12ca019c753ccc780677,MEGMT,2026-02-19,2026-02-19,439275591,0,0,0,Müşteri,0,0,325,0,0,0.0,2,0,1,1,3,0.029625705848127702,0.03311687979651483,0.04649969525675577,0.03815246874532461,0.0429547239130765,0.012712868204398745,0.06412961472363084
4028328d9c4c12ca019c74efe482038b,MEKAG,2026-02-19,2026-02-19,61629933,0,0,1,Müşteri,0,0,292,0,0,0.0,5,0,0,0,0,0.006306727528408114,0.1517281757336409,0.008519258968667131,0.04694560368277688,0.2129271734441598,0.49264526388722435,0.3887602292118357
4028328c9c4c12c4019c7519ff7970a7,MEKAG,2026-02-19,2026-02-19,61629933,0,0,1,Müşteri,0,0,204,0,0,0.0,5,0,0,0,0,0.006306727528408114,0.1517281757336409,0.008519258968667131,0.04694560368277688,0.2129271734441598,0.49264526388722435,0.3887602292118357
4028328d9c4c12c8019c6f7d94bf45d2,KLYPV,2026-02-20,2026-02-20,108765038,0,0,0,Müşteri,0,0,337,1,147892538,1.36,1,0,0,0,18,-0.059842191552076984,0.0687119985434197,0.014783412477882708,-0.021266285485731246,-0.012428899444152893,-0.014573572820667038,-0.031538600869371616
4028328c9c4c12c1019c798b944263e3,YEOTK,2026-02-20,2026-02-20,354678228,0,0,1,Müşteri,0,0,1652,0,0,0.0,2,1,0,0,0,-0.07207807081034055,-0.029327626788218084,0.025970493241942783,0.025883875282465964,0.024313577974058042,0.09535780873057353,0.3108194124028714
4028328c9c4c12c1019c7b80de2552d7,EUPWR,2026-02-20,2026-02-20,504348007,0,0,1,Müşteri,0,0,364,1,43201088,0.086,6,2,0,0,0,-0.08651362521280462,-0.02229755709335845,-0.0067660322603510315,-0.026673349322189337,-0.06178679287295604,-0.0021116168016956085,-0.025100263648973078
4028328d9c81f588019c8b1f98e1373e,ORGE,2026-02-23,2026-02-24,69301850,1,0,1,Müşteri,0,0,564,1,237500000,3.427,1,1,0,0,6,-0.016715316191932023,-0.04639299706757863,-0.0077053817271578295,0.005184843660991348,0.00898957427695625,0.03876163283087165,0.017712820649169292
4028328c9c81f417019c8b23d3b92f7e,LINK,2026-02-24,2026-02-25,190130240,0,0,1,Müşteri,1,0,1449,1,13107198,0.069,9,0,3,0,0,-0.010549632720790587,-0.07260299841736732,-0.0022487572832887927,-0.03513223680698792,-0.02538639868578139,0.05876038394507771,0.04878429501322498
4028328c9c81f416019c93882eb11573,ORGE,2026-02-25,2026-02-25,69301850,1,0,1,Müşteri,0,0,547,1,428476710,6.183,1,0,0,0,6,-0.05263956334992291,-0.01785533833497514,0.01714488879131279,0.025893802361160886,0.03878354073506227,0.04754837701388062,0.02507603636571362
4028328c9c81f417019c9490fef71605,CVKMD,2026-02-25,2026-02-25,701714591,0,0,1,Müşteri,0,0,352,0,0,0.0,12,3,0,0,0,-0.25067043245849013,0.06906338618661996,-0.0824861075186503,0.024234997753168668,0.01039584356691521,0.07295646672669373,0.10609578682147554
4028328c9c81f416019c9557c3f13e46,GESAN,2026-02-25,2026-02-26,283975754,0,0,1,Müşteri,0,0,406,0,0,0.0,3,0,0,0,0,-0.1228219272575267,-0.08819392890621965,0.02072944233342374,0.0008558443739120735,0.018413822761040727,0.041687070092159904,0.05378371654837967
4028328d9c81f589019c956d518e4e79,HTTBT,2026-02-25,2026-02-26,27990416,0,0,1,Müşteri,0,0,516,0,0,0.0,1,0,0,0,0,-0.0629083887500254,-0.06415936171352417,0.041208624397971655,0.028860751641789854,0.05666141171740352,-0.007354509881592093,-0.012119752555347205
4028328d9c81f588019c94ab54aa0fe0,ARDYZ,2026-02-26,2026-02-26,236001748,0,0,0,Müşteri,0,0,497,1,1005542925,4.261,6,1,0,0,0,-0.10103059732737343,-0.05109930576269928,0.02786086105020831,0.019509315486605304,0.05688117860357884,0.07833321128390247,0.10151972680568182
4028328c9c81f417019c9a566daf7e15,FONET,2026-02-26,2026-02-26,137502118,0,0,0,Müşteri,0,0,505,1,91985460,0.669,4,1,0,0,0,0.09395429682166252,-0.01912138876361704,-0.04508203495859028,0.09134272634151877,0.26642663794288823,0.31094781128668014,0.5508108220731897
4028328c9c81f417019c9993ef6c5d09,BESTE,2026-02-26,2026-02-27,371153006,0,0,1,Diğer,0,0,2910,1,250000,0.001,1,1,0,0,0,0.09452713936227324,,-0.0882912227653678,-0.20729591173401646,-0.20160567110669592,-0.20263692315319892,-0.18879646622831442
4028328d9c81f589019c9a6a062d2618,UCAYM,2026-02-26,2026-02-27,298646590,0,0,1,Müşteri,0,0,1471,0,0,0.0,11,1,0,0,0,-0.07318770917042117,-0.11514478745690168,0.1111088561127736,0.05352911474840317,0.10845066872219025,0.07461344354771217,0.15230232805251842
4028328c9c81f417019c9ef8cbf43e5f,ONRYT,2026-02-27,2026-02-27,63543988,0,0,1,Müşteri,1,0,610,1,166440000,2.619,1,0,0,0,0,-0.06089632105125766,-0.05045515775673175,0.05123692935877467,0.04946910169908379,0.06987377939080161,-0.05159156883745459,-0.04564407802777826
4028328d9c81f588019cb2476faf6b65,YEOTK,2026-03-03,2026-03-03,354678228,0,0,1,Müşteri,0,0,1992,0,0,0.0,2,0,0,0,0,0.02464406616779485,-0.10639368930625437,0.013214008836071635,0.03329902338814794,0.054007565426923705,0.24132076280287498,0.32172131409443905
4028328d9c81f589019cb2e5a0a3770e,BESTE,2026-03-03,2026-03-03,371153006,1,0,1,Diğer,0,0,408,1,250000,0.001,3,2,0,0,0,-0.247355157197848,,-0.046655326708166196,-0.04096508608084565,-0.11210191444841759,0.014029916406890365,-0.04434959884601391
4028328d9c81f589019cb769737a62dd,ODINE,2026-03-04,2026-03-04,348845744,0,0,1,Tedarikçi,0,0,1430,0,0,0.0,1,0,0,0,0,0.2888515060635264,0.41789891221472125,0.008706009831800263,0.02260485976610253,-0.007529445446042677,-0.003551443340594762,0.32855814419257084
4028328d9c81f589019cb41007da0ee6,ARDYZ,2026-03-04,2026-03-04,236001748,0,0,0,Müşteri,0,0,480,1,320625759,1.359,5,0,0,0,0,0.0061501032533664455,-0.13620556406305132,0.03514513854308844,0.06376612236574836,0.06625016751891036,0.07242924633772435,0.07963455514420324
4028328d9c81f589019cb7c5ef36672f,BRLSM,2026-03-04,2026-03-04,56758449,1,0,1,Müşteri,0,0,956,0,0,0.0,3,0,0,0,0,0.01385383715558549,0.12123058111642131,-0.026382712565676078,-0.03469231865537225,-0.020501961749976837,0.046956963662864254,-0.05316770466779437
4028328c9c81f417019cbf98b6ba6b47,ALTNY,2026-03-06,2026-03-06,331327283,0,0,0,Müşteri,1,0,202,1,55297516,0.167,3,1,0,0,0,0.10798948198761506,-0.0005000896678255928,0.0007269372722854349,-0.06443780686916903,-0.09961555332140878,-0.08820938881293217,-0.10211497177330121
4028328c9cc9d176019cd1563a860e31,IHEVA,2026-03-09,2026-03-09,4353474,0,0,1,Müşteri,1,0,1137,0,0,0.0,0,0,0,0,0,0.034787141518145076,-0.024632279576777567,0.0025728400794874195,-0.009182298179801596,-0.01889112344611099,-0.03837672535940264,-0.056952286291013655
4028328d9cc9d32c019cd683aeb3645c,ORGE,2026-03-10,2026-03-10,69301850,0,0,1,Müşteri,0,0,700,1,599243580,8.647,1,0,0,0,13,0.029772058553915404,-0.02386656077654827,0.001081362455851143,-0.01522464489519661,-0.003381153983859505,-0.021048812181702358,0.09742582507898924
4028328d9cc9d32b019cd7e945ff2850,SMRTG,2026-03-10,2026-03-10,160562921,0,0,1,Müşteri,0,0,530,1,4000000000,24.912,7,0,0,0,0,0.048813429791693855,-0.10708192264038588,0.025025485202604177,0.03168743602196954,0.004906332558066157,0.05000093237321771,-0.06895920662580897
4028328c9cc9d175019cd7b9947f1a45,KBORU,2026-03-11,2026-03-11,168028009,0,0,0,Müşteri,0,0,431,1,330000000,1.964,5,1,0,0,0,0.005741228547030039,0.0804549743687119,-0.012649434642027032,-0.06837297493800087,-0.09198069109967182,-0.05972481883053818,0.15919259662998128
4028328d9cc9d32c019cdd7ca99068f5,ODINE,2026-03-12,2026-03-12,348845744,1,0,1,Müşteri,0,0,1809,0,0,0.0,1,0,0,0,0,-0.021230258439587674,0.7091842769737011,0.056105642369375465,0.038339828017202836,0.01672761726800405,0.2980914964235659,0.26747768566437163
4028328d9cc9d32c019ce78c37ec434b,PLTUR,2026-03-13,2026-03-16,48323128,0,0,1,Müşteri,1,0,450,1,2356546000,48.766,1,0,0,0,0,0.12186095720217673,-0.023688502041277138,0.021784853595785095,-0.03604051230218237,-0.0391837414002507,-0.041617813061171516,-0.11773457906525021
4028328d9cc9d32b019cf4f89ceb6be3,ASELS,2026-03-16,2026-03-16,9584113612,0,0,1,Müşteri,0,0,519,1,4933256100,0.515,5,0,0,0,0,-0.05581666540856417,0.2067343277671616,0.004972033234081373,0.07931120339726194,0.08934552116118401,0.03531409599478893,0.19153746708510655
4028328d9cc9d32b019cf2cb21b86b1a,ARDYZ,2026-03-16,2026-03-16,236001748,0,0,0,Müşteri,0,0,229,1,35421088,0.15,5,0,0,0,0,0.009566043383821483,-0.05545807654430506,0.0050524050120409406,0.008298372820402748,0.024847614414070164,0.022435451387234937,-0.024071025386849527
4028328d9cc9d32c019cfb4a3acb238a,BVSAN,2026-03-17,2026-03-17,86462266,0,0,0,Müşteri,0,0,392,1,81467119,0.942,1,0,0,0,0,-0.014778485763587337,-0.041484039319661034,0.004767961040146017,0.007392068217850684,0.007794109069063378,0.024915241416388862,-0.0201225003590396
4028328c9cc9d175019d00eb09d44c40,FONET,2026-03-18,2026-03-18,137502118,0,0,1,Müşteri,0,0,149,1,496968445,3.614,8,1,0,0,0,0.027570549540531997,0.4275765078558512,-0.006920240410090065,0.0830187635766617,0.18177887725652675,0.10327473911583757,-0.09290375259779764
4028328c9cc9d176019d01ad2fe6706a,KLSYN,2026-03-18,2026-03-19,45897582,0,0,1,Müşteri,1,0,479,1,108750000,2.369,15,1,0,0,0,0.0671231645037705,0.108469375414904,0.025543658608974697,0.07551726663134839,0.15160121863650955,-0.11706082578259995,0.0607366181393712
4028328c9cc9d177019d196f0f4131ad,SDTTR,2026-03-23,2026-03-23,206840623,0,0,0,Müşteri,0,0,415,0,0,0.0,9,0,0,0,0,0.006909322994807121,0.015783957474385133,0.009231789735463885,-0.02816268044753167,-0.03929533126367882,-0.033619662632389136,-0.07281804185922942
4028328c9cc9d177019d1972da58320b,SDTTR,2026-03-23,2026-03-23,206840623,0,0,0,Müşteri,0,0,415,1,93128497,0.45,9,0,0,0,0,0.006909322994807121,0.015783957474385133,0.009231789735463885,-0.02816268044753167,-0.03929533126367882,-0.033619662632389136,-0.07281804185922942
4028328d9cc9d32c019d1b55715b59b1,AKHAN,2026-03-23,2026-03-24,207229896,0,0,1,Müşteri,1,0,384,1,121979330,0.589,4,0,0,0,0,0.010717177164638955,0.04827908185762493,-0.006077099105797112,0.015286176447132854,-0.003830402843625756,0.014370909824913734,-0.009734667154360251
4028328d9cc9d32c019d2061f81667cf,PENGD,2026-03-24,2026-03-25,41442753,0,0,1,Müşteri,0,0,304,1,1562117800,37.693,0,0,0,0,0,0.05518215302882109,-0.013540274336451497,-0.014601954903846153,0.11532223921297187,0.1485531343318143,0.1634494163729273,0.34582108577634846
4028328c9cc9d175019d238bc4816900,YEOTK,2026-03-25,2026-03-25,354678228,0,0,1,Müşteri,0,0,535,1,1378959552,3.888,5,0,0,0,0,0.050606232274125695,0.26596482897066986,0.031123492014009345,0.03031235909405215,0.02979431901743837,-0.019602137377095936,-0.044536933584807675
4028328d9cc9d32b019d2049eb9f0b34,ASTOR,2026-03-25,2026-03-25,5966476824,1,0,1,Müşteri,0,0,2019,0,0,0.0,7,0,0,0,0,0.03313080951889881,0.055043652958048854,0.08811318252461384,0.09325676313270954,0.03288338150663321,0.07289273956623094,0.01525184132556224
4028328c9cc9d177019d24eb96112fb2,FORTE,2026-03-25,2026-03-25,146666539,0,0,1,Müşteri,0,0,311,1,65790718,0.449,5,0,0,0,0,0.1300931425262635,0.12796594937866707,0.04693496744966,0.004140799657451546,-0.004004574279047143,-0.12325981276093233,-0.23339533875759852
4028328c9cc9d176019d2a1354ed7099,KLYPV,2026-03-27,2026-03-27,108765038,0,0,0,Müşteri,0,0,336,1,127172130,1.169,1,0,0,0,11,0.05430463652084204,-0.019449166977487824,-0.008227989633203923,-0.007506166348548042,0.061049042835553576,-0.003533290411669584,-0.06426185929849972
4028328d9cc9d32c019d2dfee4075460,HATSN,2026-03-27,2026-03-27,81018720,0,0,0,Müşteri,0,0,1094,1,1887805838,23.301,0,0,0,0,0,0.015254975147405748,0.044252539771540124,0.020215233104247533,0.0032131776267537025,-0.0009219908341848742,0.004595892664787073,0.09081609387696842
4028328c9cc9d177019d300f2b8d1cd5,ALTNY,2026-03-27,2026-03-30,331327283,0,0,0,Müşteri,1,0,179,1,22000219,0.066,4,0,0,0,0,-0.027848018606327615,0.0197800931746829,0.011952439437782859,-0.00206238315782662,0.013942435645958567,-0.04049667975341361,-0.026096264379761723
4028328c9cc9d177019d2a4f6ee61e92,ALTNY,2026-03-27,2026-03-30,331327283,0,0,0,Müşteri,1,0,196,1,40812000,0.123,4,0,0,0,0,-0.027848018606327615,0.0197800931746829,0.011952439437782859,-0.00206238315782662,0.013942435645958567,-0.04049667975341361,-0.026096264379761723
4028328c9cc9d176019d3d83fea1217f,ORGE,2026-03-30,2026-03-30,69301850,1,0,1,Müşteri,0,0,542,1,279699629,4.036,2,0,0,0,13,0.07298940560937693,0.02223327273800014,0.02691584552580762,0.0010187118340876597,0.022487692668691692,-0.0038337924422263583,0.02345225735138343
4028328c9cc9d176019d3dc5258829a2,BRLSM,2026-03-30,2026-03-30,56758449,1,0,1,Müşteri,0,0,1166,0,0,0.0,5,0,0,0,0,-0.05573222096915366,-0.00601672698102122,0.03074143688489019,0.02525529219563692,0.011284187831058027,-0.06957530627966335,-0.08180366900912414
4028328c9cc9d176019d3e09b90733aa,ALVES,2026-03-30,2026-03-30,191896437,0,0,0,Müşteri,0,0,277,1,191452181,0.998,6,0,3,0,0,0.04402098155988376,-0.20688741785663833,0.02545630906897271,0.14238557348598216,0.09975357377180258,0.12402106465089074,-0.003194679450682114
4028328c9cc9d176019d3e0e1f03344f,ALVES,2026-03-30,2026-03-30,191896437,0,0,0,Müşteri,0,0,236,1,606776895,3.162,6,0,3,0,0,0.04402098155988376,-0.20688741785663833,0.02545630906897271,0.14238557348598216,0.09975357377180258,0.12402106465089074,-0.003194679450682114
4028328c9cc9d177019d3e4fd9636d6e,ARDYZ,2026-03-30,2026-03-30,236001748,0,0,0,Müşteri,0,0,268,1,49000046,0.208,4,0,0,0,0,-0.05138655153332827,0.09797747782585567,0.043051869854559464,0.026918807861957935,-0.002108869084242883,-0.03717127769895224,0.10360979939671447
4028328d9cc9d32c019d3f47419d58e2,CEOEM,2026-03-30,2026-03-30,37215244,0,0,1,Müşteri,1,0,385,1,48895800,1.314,3,3,0,0,0,0.006484645741850969,0.11281894528218822,-0.004811893774146996,-0.018587912814511227,-0.029992029387464862,0.031174243939818137,0.032638825287162235
4028328d9cc9d32c019d3edbe8bb1404,PLTUR,2026-03-30,2026-03-31,48323128,1,0,1,Müşteri,1,0,320,1,2356546000,48.766,3,1,0,0,0,-0.002434071660920817,0.11487118422643494,0.04505969221955785,0.02230987911900427,0.033518027972370114,-0.0761167660040787,0.011515569621232938
4028328d9cc9d32b019cdc8405dd1241,NETAS,2026-03-31,2026-03-31,33641640,0,0,1,Müşteri,0,0,409,1,1498029716,44.529,4,0,0,0,0,0.011189088024626485,0.0349318802150474,0.08651542343298085,0.046202543628195376,0.07887873125079002,-0.011481593989446755,0.004834431363437383
4028328d9cc9d32b019d437c427a779a,CWENE,2026-03-31,2026-03-31,898848244,0,0,0,Müşteri,0,0,448,1,2135073600,2.375,4,0,1,1,0,0.04637518117323219,0.009332446876387894,-0.021144254181853717,-0.0400400079117233,0.03165432919399854,0.02806875060592182,0.030358045051634877
4028328d9cc9d32b019d45f869c37e79,ODINE,2026-04-01,2026-04-01,348845744,0,0,1,Müşteri,0,0,422,1,171682367,0.492,2,0,0,0,0,0.12352843270052907,0.3483482881724662,-0.012634094195182136,0.0052407347859063196,0.005057480209207487,-0.10261097992275922,0.15451570530057895
4028328d9c81f589019c8a8ac8012596,HRKET,2026-04-02,2026-04-02,89533904,0,0,1,Müşteri,0,0,294,1,348081800,3.888,3,0,0,0,1,-0.0002865044457178762,-0.13266550676216976,-0.005517159061313341,0.0028156431290621577,-0.011173866835664702,-0.05008607246579446,0.0955032186971931
4028328d9d4a0485019d4d0ae3ea08e7,GESAN,2026-04-02,2026-04-02,283975754,0,0,1,Müşteri,0,0,719,1,1634412150,5.755,3,0,0,0,0,0.019826764801494236,0.02829432959991597,0.03826297594350826,0.04548890484051202,0.03353655236357916,-0.05617392077935801,-0.021375561685504058
4028328d9d4a0485019d4d67918b0d80,GEREL,2026-04-02,2026-04-02,192296334,0,0,1,Müşteri,1,0,1383,0,0,0.0,9,1,0,0,0,0.04377931517613714,0.11055577424989357,-0.03244449623455215,0.10148004499144771,0.17185207214189807,0.13275075963325347,0.17065856136788587
4028328c9d4a029c019d619823327637,CEOEM,2026-04-06,2026-04-06,37215244,1,0,1,Müşteri,1,0,384,1,48895800,1.314,3,0,0,0,0,-0.029992029387464862,0.045277440686417474,0.0037271057741476887,0.039017178915443804,0.061166273327283,0.03849995273177189,0.07112873645565493
4028328d9d4a0485019d62b16e2f0971,PNLSN,2026-04-06,2026-04-06,34146451,0,0,0,Müşteri,1,0,209,1,138105933,4.045,9,0,3,0,0,-0.028728259832346035,0.022829288312237454,-0.022828701220444794,-0.05720484932056364,-0.08745229714623981,-0.09322925834021539,-0.11674770241211194
4028328c9d4a029c019d628f8cb22d92,YIGIT,2026-04-06,2026-04-06,64136351,0,0,0,Müşteri,0,0,302,1,668262400,10.419,1,0,0,0,0,0.14067993426181344,0.02036350134134257,0.03632595052177073,-0.019867904956829382,-0.16471169434078167,-0.19467068945392607,-0.17874333033889403
4028328d9d4a0485019d6307ea894a6c,CEOEM,2026-04-06,2026-04-07,37215244,0,0,1,Müşteri,1,0,386,1,689500000,18.527,3,0,0,0,0,-0.02145302983917018,0.04351866542839461,0.11388136028954618,0.1235137731908825,0.067762215979373,0.0600605020294738,0.03508628463534929
4028328c9d4a029c019d66cae65d333f,SDTTR,2026-04-07,2026-04-07,206840623,0,0,0,Müşteri,0,0,479,1,84598450,0.409,10,0,0,0,0,-0.018320545169147242,-0.18439220265346143,0.06601209983112406,-0.03042968437307048,-0.051846510325554825,-0.00041973687692800724,0.11011928849686142
4028328c9d4a029c019d676c25ac5fa7,MEKAG,2026-04-07,2026-04-07,61629933,0,0,1,Müşteri,0,0,293,0,0,0.0,11,0,0,0,0,-0.021346732295572404,0.09337034695715178,-0.03333600501788897,-0.14511375271746907,-0.3575245270413487,-0.5594677197768305,-0.692859202269611
4028328d9d4a0485019d687eb3234e5d,ORGE,2026-04-07,2026-04-08,69301850,1,0,1,Müşteri,0,0,525,1,602038710,8.687,2,0,0,0,12,0.026064011605572028,0.0713618134734172,-0.014635792027988212,-0.03961372834371883,-0.07055466735986003,-0.005558005710721395,-0.02485976782289116
4028328c9d4a029c019d6bbad8333004,GESAN,2026-04-08,2026-04-08,283975754,0,0,1,Müşteri,0,0,2523,1,9157883000,32.249,3,0,0,0,0,0.00700115927234939,0.04704355390517736,0.015050724183403951,-0.00852354979877561,-0.019332242598064615,-0.09036565415957784,0.08195602526630147
4028328c9d4a029c019d6e4f7a00611e,GATEG,2026-04-08,2026-04-09,5696808,0,0,1,Müşteri,0,0,578,1,305000000,53.539,0,0,0,0,0,-0.10132521958191865,0.026440674072330264,0.049045948797394684,0.04793390771370446,0.03872867584615379,0.03371205430805455,-0.10364349177683897
4028328c9d4a029c019d6c596f121a80,EKOS,2026-04-09,2026-04-09,93590422,0,0,0,Müşteri,0,0,1444,1,356454030,3.809,7,0,0,0,0,-0.02349879417683844,-0.10284267982686167,-0.0003343493610385199,-0.037791589782929735,-0.009289283944102443,-0.014438762886902028,0.24305349853344582
4028328c9cc9d177019d482dbcbc65af,KLYPV,2026-04-09,2026-04-09,108765038,0,0,0,Müşteri,0,0,332,1,67690913,0.622,1,0,0,0,10,-0.07906983104345154,0.11004639354205334,-0.0054726241118441855,-0.015692053975371316,-0.0001949786417667066,-0.04878210098152851,-0.06309216714249181
4028328c9d4a029c019d728b1c921ca0,CWENE,2026-04-09,2026-04-09,898848244,0,0,0,Müşteri,0,0,556,1,2919327157,3.248,5,1,1,0,0,0.02622283650827328,-0.0021423839242808575,0.02901215078418367,0.03856203064781853,0.04054562010673685,0.056782630392925075,0.08408046301407575
4028328c9d4a029c019d7272a8341989,CEOEM,2026-04-09,2026-04-10,37215244,1,0,1,Müşteri,1,0,386,1,689500000,18.527,5,2,0,0,0,0.1331958830512436,0.03214728450902392,-0.06607460563774718,-0.05432589099871445,-0.0698577613269769,-0.021950512072196164,-0.08672849025154407
4028328c9d4a029c019d77aa01ed028b,FORTE,2026-04-10,2026-04-13,146666539,0,0,1,Müşteri,0,0,504,1,21250000,0.145,6,0,3,2,0,-0.1587743198610477,0.15029932832628065,-0.003038725822695668,-0.017231509630376868,-0.023752540279934044,-0.06128688921103809,-0.07739459353281022
4028328d9d7b24c9019d8348c7b902b2,ARDYZ,2026-04-13,2026-04-13,236001748,0,0,0,Müşteri,0,0,212,1,43293650,0.183,4,0,0,0,0,-0.035062408614709356,-0.04065442225146879,0.033716670779427235,0.010645878804857479,-0.023724682262847907,0.1407810770956667,0.31139501473051034
4028328d9d7b24c8019d872c33b13571,BVSAN,2026-04-13,2026-04-13,86462266,0,0,1,Müşteri,0,0,311,1,26086450,0.302,1,0,0,0,0,-0.05641390552669828,0.032752215928690535,-0.019177204942456297,-0.008774940662975787,-0.020522745447602332,-0.005033350642674124,0.14344825417627927
4028328c9d7b22d3019d8a8ac6c641e4,YEOTK,2026-04-14,2026-04-14,354678228,0,0,1,Müşteri,0,0,428,1,183188282,0.516,7,0,1,0,0,-0.0634341461836324,0.04506428323589161,0.0013156626599735443,-0.033912011425943314,-0.010079869966159444,0.027386200226947315,0.6444047930277895
4028328d9d7b24c9019d8b98bef172e0,OZYSR,2026-04-14,2026-04-14,37889166,0,0,0,Müşteri,0,0,313,1,165778515,4.375,4,0,0,0,0,-0.04380914655271431,-0.04937745689599477,-0.019420542700524523,-0.02398723366842304,0.03281156372087433,0.024956438552046562,0.1062722752756195
4028328c9d7b22d3019d8fa2a00a6dc4,YEOTK,2026-04-15,2026-04-15,354678228,1,0,1,Müşteri,0,0,670,1,1391243631,3.923,7,0,1,0,0,-0.02675864631970268,0.03100409489702976,-0.007339527971352227,-0.02798198153084139,0.001823850111990943,0.07977255954098328,0.6549251912039792
4028328c9d7b22d3019d90a8fc947efc,SDTTR,2026-04-15,2026-04-15,206840623,0,0,0,Müşteri,0,0,423,1,90676243,0.438,10,0,0,0,0,-0.13875352133783825,0.031059911785060696,-0.01244509879292738,0.050437695503851014,0.06828091225052008,0.01608797103971408,0.20461923482549907
4028328d9d7b24c9019d913cca232439,CWENE,2026-04-15,2026-04-16,898848244,0,0,0,Müşteri,0,0,952,1,33501075000,37.271,5,0,1,0,0,0.04054562010673685,0.03727131053039713,0.06252593756414475,-0.003342734167206058,0.016237010286188222,0.05717804507986344,0.09233303922248083
4028328d9d7b24c9019d8bdd73997b35,KLYPV,2026-04-16,2026-04-16,108765038,0,0,0,Müşteri,0,0,336,1,247902523,2.279,2,1,0,0,8,-0.0001949786417667066,0.049864506603453485,-0.04028769751923644,-0.035785375552167945,-0.048587122339761805,-0.09077848675838193,-0.013601566998891423
4028328c9d7b22d3019d8fd6d430705e,ONCSM,2026-04-16,2026-04-16,156246500,1,0,1,Müşteri,0,0,615,1,141051834,0.903,8,0,0,0,0,0.013542715330120487,0.0554432725543424,-0.0008489487603257029,-0.00766061419001667,0.008007948974966145,-0.03813132947554912,0.236636795434315
4028328d9d7b24c9019d8b05dde041c2,KAYSE,2026-04-16,2026-04-16,49660406,0,0,0,Müşteri,0,0,239,0,0,0.0,5,0,0,0,0,0.05856449495202354,-0.04082826322328832,0.007567703784440721,-0.010586248645285817,-0.007479124859404075,-0.07563901838852888,-0.05599716986615152
4028328d9d7b24c9019d952603e71ab5,KAYSE,2026-04-16,2026-04-16,49660406,0,1,0,Müşteri,0,0,316,0,0,0.0,5,0,0,0,0,0.05856449495202354,-0.04082826322328832,0.007567703784440721,-0.010586248645285817,-0.007479124859404075,-0.07563901838852888,-0.05599716986615152
4028328d9d7b24c9019d969117f15793,ARDYZ,2026-04-16,2026-04-16,236001748,0,0,0,Müşteri,0,0,223,1,16381904,0.069,3,0,0,0,0,0.008849452221983951,-0.05508835017155775,-0.010940887894882666,-0.037267240856159775,0.01108191139144802,0.15651988329643268,0.3007559727768964
4028328c9d7b22d2019d96bb19be448f,ALTNY,2026-04-16,2026-04-17,331327283,0,0,0,Müşteri,1,0,199,1,63198120,0.191,3,0,0,0,0,0.04440358301944282,-0.06297052774025051,-0.027863557863209296,0.01302662758230502,-0.0022712001868346932,0.02407712559875634,0.10230881542124533
4028328d9d7b24c8019d9a5b2c976b3f,EDATA,2026-04-17,2026-04-17,77119604,0,0,1,Tedarikçi,0,0,490,0,0,0.0,12,1,0,0,0,0.1479514665433958,0.25291028613630917,0.06471663920168969,-0.12007840408865227,-0.12244796882362456,-0.006139147165636954,-0.11716969107115498
4028328c9d7b22d3019d9c4306187338,ALFAS,2026-04-17,2026-04-20,76781029,0,0,0,Müşteri,0,0,236,1,1930992480,25.149,1,0,0,0,0,-0.007201079204401079,-0.020323500549103916,0.023544162441861523,0.0016798783693888519,0.006949233203485763,0.04444741165014387,0.31388075537735083
4028328d9d7b24c9019da9602f162db7,YEOTK,2026-04-20,2026-04-20,354678228,0,0,0,Müşteri,0,0,327,1,205482105,0.579,7,0,1,0,0,-0.03131474596563244,0.0001383487545472944,0.016586448904708402,0.01569324728928173,0.04952722678643068,0.24562414541988517,0.8408818075467565
4028328c9d7b22d2019daf7389c462d5,HRKET,2026-04-21,2026-04-21,89533904,0,0,1,Müşteri,0,0,280,1,153332007,1.713,3,0,0,0,1,0.02773139563148478,-0.05786471466486995,0.012803042029493845,0.07150245415683772,0.06016519038435647,0.17720648466860198,0.15102442819695114
4028328c9d7b22d2019db0f2194101e6,HATSN,2026-04-21,2026-04-22,81018720,0,0,1,Müşteri,0,0,1228,1,31252141,0.386,0,0,0,0,0,0.08989005524685555,0.01324639890833093,-0.03747207532997178,-0.0054785344428543575,0.007390904936644501,0.0415786102208774,0.1211837350429634
4028328d9d7b24c9019dac1830f4305b,KLYPV,2026-04-22,2026-04-22,108765038,0,0,0,Müşteri,0,0,502,1,505597002,4.649,2,0,0,0,8,-0.0635909864867832,0.04402600591623343,0.005238656875796187,-0.02998775619606473,-0.04065772754454893,-0.05138370356800244,0.03294679013354616
4028328d9d7b24c8019db4e829307ddf,ARDYZ,2026-04-22,2026-04-22,236001748,0,0,0,Müşteri,0,0,223,1,42556478,0.18,3,0,0,0,0,-0.010160716581121297,-0.05731858251949223,0.013969632539350338,0.13302291943871156,0.19098450857354887,0.252517259649784,0.36157580624475183
4028328c9d7b22d3019db5458be772a8,FORTE,2026-04-22,2026-04-22,146666539,0,0,1,Müşteri,0,0,468,1,27873810,0.19,6,0,5,2,0,-0.03282253602126128,-0.20057280273633724,-0.004561923516846665,-0.02400776764218042,-0.010571444508591354,0.0027469635287129175,-0.022774258201484723
4028328d9d7b24c9019db44d10d51cc2,MEKAG,2026-04-22,2026-04-22,61629933,0,0,1,Müşteri,0,0,295,0,0,0.0,12,0,4,0,0,-0.12193978581373753,-0.5471566384507828,-0.0064622726000795345,-0.008013270298458035,-0.046759594981686206,-0.08425146789618683,-0.021752756670174143
4028328c9d7b22d2019dbb1993903bc8,ARDYZ,2026-04-24,2026-04-24,236001748,0,0,0,Müşteri,0,0,244,1,27240272,0.115,3,0,0,0,0,0.01108191139144802,-0.06053317968214775,0.05298400144867829,0.11698887119233894,0.14543797190498467,0.2405639652579375,0.35028999136812367
4028328d9d7b24c8019dbff9c30733f8,BVSAN,2026-04-24,2026-04-24,86462266,0,0,0,Müşteri,0,0,382,1,46357064,0.536,1,0,0,0,0,-0.02465789237549831,-0.03092830348363622,-0.0006578039935480178,0.07989893462390313,0.05412454291956157,0.2605620625722853,0.19342899145593648
4028328c9d7b22d2019d9a4b644c4ffb,BRSAN,2026-04-24,2026-04-27,942474720,0,0,0,Müşteri,0,0,738,0,0,0.0,5,0,0,0,0,-0.005533290363605011,-0.04687133435330218,0.08680217261041445,0.030065856992844114,0.04722886849067911,0.049930549566383424,-0.033205878501462525
4028328c9d7b22d3019dc01b7f781da4,ORGE,2026-04-24,2026-04-27,69301850,1,0,1,Müşteri,0,0,660,1,714008713,10.303,2,0,0,0,10,0.09407447466488744,-0.033087209264856025,-0.03526431001780991,-0.010905714295820811,-0.024230675012639466,-0.026092147915123765,0.25479921785229276
4028328c9d7b22d3019dcebb797e38f2,BESTE,2026-04-27,2026-04-27,371153006,0,0,1,Diğer,0,0,2175,1,250000,0.001,11,0,0,0,0,0.0027297152081111778,-0.032840301994736296,0.022227564279569637,-0.008217442422404112,0.18666151143507975,0.16471864594426258,0.3207646174455332
4028328d9d7b24c9019dcf9e965a74f3,ODINE,2026-04-28,2026-04-28,348845744,0,0,1,Müşteri,0,0,1432,1,42765956,0.123,3,0,1,0,0,0.1873929404883111,-0.04805942769126343,0.07175942951851629,0.08073414302450134,0.1638952749935459,0.09065042763112478,0.2501855550290677
4028328d9d7b24c8019dd2df7d43028d,ASTOR,2026-04-28,2026-04-28,5966476824,0,0,1,Müşteri,0,0,691,1,2319922620,0.389,6,0,1,0,0,0.22238637503742986,-0.18116086955218916,0.06390936147365148,0.16805858548769892,0.20528685745833833,0.3083375668507994,0.3919611219099407
4028328c9d7b22d2019dd38cf0f71531,FONET,2026-04-28,2026-04-28,137502118,0,0,1,Müşteri,0,0,166,1,132077304,0.961,12,0,0,0,0,-0.041510739497608376,-0.16688508690102127,0.04900180202586214,0.021718345618719014,0.13260154242299266,0.14142602049767206,0.23045387041639043
4028328d9d7b24c9019dd8658df2497f,CWENE,2026-04-29,2026-04-29,898848244,0,0,0,Müşteri,0,0,716,1,96301154,0.107,5,0,1,0,0,0.0036484391540007933,0.026709605897634082,0.0605654438253168,0.03900106761445677,0.08602594027078861,0.09672873638599197,0.25235715529364094
4028328d9d7b24c9019dd9ac42c30a7b,BVSAN,2026-04-29,2026-04-29,86462266,0,0,0,Müşteri,0,0,295,1,48168620,0.557,1,0,0,0,0,0.06860875663024188,-0.04457629361711932,-0.028538206259389808,-0.036740136078503474,-0.008549832173525961,0.13362783514612755,0.12940251408433173
4028328c9d7b22d2019dd8405b545c23,ARDYZ,2026-04-30,2026-04-30,236001748,0,0,1,Tedarikçi,0,0,528,0,0,0.0,4,1,0,0,0,0.19098450857354887,-0.06041649814379858,-0.031576904129213886,0.11502137515468241,0.0615327510762351,0.13739841279556417,0.31439110726776015
4028328c9d7b22d2019ddd0aaf19266f,ASELS,2026-04-30,2026-04-30,9584113612,0,0,1,Müşteri,0,0,222,0,0,0.0,2,0,0,0,0,0.07686739028561207,0.10180322543516145,-0.02152000331832298,-0.008305989771330258,-0.04365515081376802,-0.0464111291857719,-0.07313038848275008
4028328d9d7b24c8019dddad59ba0ef2,AKHAN,2026-04-30,2026-04-30,207229896,0,0,1,Müşteri,0,0,234,1,3446889,0.017,4,0,0,0,0,0.02138125647677921,-0.051319444267092874,-0.0007249183169690197,0.01709431686940022,-0.02281286222268147,-0.04059410835135837,0.11895599456803363
4028328c9d7b22d2019dde520b714ab8,SMRTG,2026-04-30,2026-04-30,160562921,0,0,1,Müşteri,0,0,1367,1,1682839323,10.481,6,0,0,0,0,-0.014684608598380146,0.05223159462683395,0.024693760816968197,0.11464491411584021,0.12967615145418154,0.5449447512200882,0.5837260646872527
4028328c9d7b22d2019df1a5d17719b9,GENIL,2026-05-04,2026-05-04,293434728,0,0,1,Tedarikçi,1,0,1360,0,0,0.0,4,1,16,0,0,-0.047151740567008694,-0.19740843760372426,-0.03382436074371519,-0.07618705239004174,-0.11523010479836483,-0.027122483842930287,-0.0601427680966528
4028328c9d7b22d2019df244f77d2e81,FORTE,2026-05-04,2026-05-04,146666539,0,0,1,Müşteri,1,0,476,1,12100000,0.083,6,0,5,0,0,-0.01040131712933486,-0.22246801908757222,0.0453087290016634,0.032900205462319344,-0.0017791544348322056,-0.004285939550973395,0.048435742027904884
4028328d9d7b24c8019df31e5b001cd3,BVSAN,2026-05-04,2026-05-04,86462266,0,0,0,Müşteri,0,0,255,1,48606728,0.562,1,0,0,0,0,0.05412454291956157,-0.06561469053835821,-0.010965744374161908,0.017224559530815607,0.20643751965272372,0.1749822487348881,0.12112113427619423
4028328c9d7b22d3019df389a62e1c9d,ORGE,2026-05-04,2026-05-05,69301850,1,0,1,Müşteri,0,0,575,1,531631075,7.671,2,0,0,0,10,-0.024230675012639466,0.05745965169640877,-0.01667558277696896,-0.023565724277952563,-0.0018614729024842977,0.15379930590780014,0.3662322418457279
4028328d9d7b24c9019df78fe0c7480f,CWENE,2026-05-05,2026-05-05,898848244,0,0,1,Müşteri,0,0,1249,1,1469373690,1.635,3,0,1,0,0,0.027632086758460378,0.08176703381935457,0.007977332800023914,0.011008434206819325,0.06335751835393276,0.02909168669228049,0.1921097291788988
4028328c9d7b22d2019df8242cc0767a,ARDYZ,2026-05-06,2026-05-06,236001748,0,0,0,Müşteri,0,0,477,1,113735196,0.482,4,0,0,0,0,0.17298296428951976,0.10571866848095736,-0.020463638620387792,-0.05147228593094347,-0.00236902665467613,0.03740621831856173,0.17969766991076688
4028328d9d7b24c9019dfcf1990c27a4,ONCSM,2026-05-06,2026-05-06,156246500,0,0,1,Müşteri,0,0,381,1,9172452,0.059,6,0,0,0,0,-0.09527194831875223,0.10018779509276583,-0.020812269452030796,0.04995147969373144,0.16165588136469336,0.3751110376939415,0.09112543197069264
4028328d9d7b24c9019dfdb96943198f,VBTYZ,2026-05-06,2026-05-07,53004150,0,0,1,Müşteri,0,0,362,0,0,0.0,4,0,1,0,0,0.021670592845585146,-0.02342892659546412,0.09122847964798107,0.08199661561234967,0.04003619518679899,0.1952856319930218,0.4611882913615112
4028328d9d7b24c9019e013a72944e6b,EKOS,2026-05-07,2026-05-07,93590422,0,0,0,Müşteri,0,0,439,1,62693990,0.67,6,1,0,0,0,0.177695394786124,-0.04148183222419994,0.09064713320013155,0.15793854184006753,0.14968809482842346,0.11657852056068892,0.16724630820125855
4028328c9d7b22d2019e028300e55eac,FORTE,2026-05-07,2026-05-07,146666539,0,0,1,Müşteri,1,0,482,1,152809934,1.042,6,0,5,0,0,0.0465464193435424,-0.18140057962426034,-0.015190001287424903,-0.026141409877646078,-0.08035345273827985,-0.022402616100551435,0.00908225205890334
4028328d9d7b24c8019e02b4f6b75bfc,AKHAN,2026-05-07,2026-05-07,207229896,0,0,1,Müşteri,0,0,237,1,1215164,0.006,4,0,0,0,0,-0.03348499601361684,-0.018577943790365245,0.002857039744354031,0.0037886758270286483,-0.005344658607138114,0.026054630515222714,0.21078103725619188
4028328c9d7b22d2019e02a48d557630,MEKAG,2026-05-07,2026-05-07,61629933,0,0,1,Müşteri,1,0,218,0,0,0.0,11,0,4,0,0,-0.09036185543163874,-0.6024973468379722,0.018921833155425758,0.04157828920565578,0.01803274997680463,0.032804013839042474,0.03826383615057154
4028328c9d7b22d2019e030b21af73b6,TCKRC,2026-05-07,2026-05-08,238099110,0,0,1,Müşteri,0,0,776,1,55091052,0.231,5,0,0,0,1,0.012818773240542862,0.040452969996729336,-0.002383812992553125,0.13205913986436407,0.13363298586736413,0.32570505740172473,0.3484060094192468
4028328d9d7b24c9019e02b6ecb44a0f,VBTYZ,2026-05-07,2026-05-08,53004150,0,0,1,Müşteri,0,0,275,0,0,0.0,4,0,1,0,0,0.1069189731175693,-0.00798043316164102,-0.016836693020065907,-0.033678502545545795,-0.013128936688730096,0.10125364687499602,0.31792079217876473
4028328d9d7b24c9019e072ee02f23d5,ALTNY,2026-05-08,2026-05-08,331327283,0,0,0,Müşteri,1,0,871,0,0,0.0,2,0,0,0,0,0.06262208738212394,-0.047472660328704744,0.09845417611641677,0.06655755796196582,0.00852577528222582,0.04701429291011271,-0.004582209568867386
4028328d9d7b24c8019e0814a70a462e,SMRTG,2026-05-11,2026-05-11,160562921,0,0,1,Müşteri,0,0,390,0,0,0.0,4,0,0,0,0,0.2034930320274867,0.04772849717056788,0.09447321453281109,0.3023928003005323,0.3098377034260212,0.34386426990944635,0.3018723119578773
4028328c9d7b22d2019e1724ac584ed4,AKHAN,2026-05-11,2026-05-11,207229896,0,0,1,Müşteri,0,0,229,1,20790451,0.1,4,0,0,0,0,-0.03660885258402621,0.00810541922612992,0.015452544760988372,0.006319210326821611,0.019965385046717053,0.11139171597298506,0.267313679455944
4028328c9d7b22d3019e176ff8b415d8,BESTE,2026-05-11,2026-05-12,371153006,0,0,1,Diğer,0,0,1933,1,1200000000,3.233,12,0,0,0,0,-0.021942865490817167,0.22192514214766262,0.02271431334043678,-0.004889741788070023,-0.002428758923055273,0.1560459715012706,0.505606247949923
4028328d9d7b24c9019e1ac7e93a0be0,YEOTK,2026-05-12,2026-05-12,354678228,0,0,1,Müşteri,0,0,469,1,88360350,0.249,6,0,1,0,0,0.30281247699923547,0.14267484400112593,0.12307503321345149,0.20148050066327497,0.33844060046384017,0.3396275855722382,0.3141598688755472
4028328d9d7b24c8019e1c0bc135018e,SDTTR,2026-05-12,2026-05-12,206840623,0,0,0,Müşteri,0,0,423,1,224299350,1.084,13,2,0,0,0,0.12737840131677888,0.03851097594805563,0.003365355007103446,-0.0035818795729791533,-0.006808854567562693,0.010473192988862439,-0.012724494067665997
4028328d9d7b24c9019e1fe04ce4285b,YEOTK,2026-05-13,2026-05-13,354678228,0,0,1,Müşteri,0,0,412,1,729515387,2.057,6,0,1,0,0,0.3588775598651119,0.21430939945425273,0.06656940661366029,0.13082413955084818,0.23638010226175943,0.2581879663313794,0.17260567237403923
4028328d9d7b24c9019e217328374411,SDTTR,2026-05-13,2026-05-13,206840623,0,0,0,Müşteri,0,0,412,1,292383015,1.414,13,1,0,0,0,0.09945511001277789,0.09884397435062485,0.03082447253508017,-0.021988704455831013,0.0118253359481995,0.05986798875912908,-0.10313307482565721
4028328c9d7b22d2019df72f49845dd9,SDTTR,2026-05-14,2026-05-14,206840623,0,0,1,Müşteri,0,0,493,1,25508362,0.123,13,1,0,0,0,0.059530231937086224,0.16196579882241624,-0.03777170711516277,-0.04099868210974631,0.005709949294911313,0.049437380835337746,-0.11416285869615643
4028328c9d7b22d2019e263b44452571,ONCSM,2026-05-15,2026-05-15,156246500,0,0,1,Müşteri,0,0,385,1,12872733,0.082,8,1,1,1,0,0.2669981849622286,-0.07053805650828701,0.014033293651989905,0.1052585868664174,0.01610981050741585,-0.19779944199929883,-0.2827156375194372
4028328c9e276fa9019e2b2f3a6d15a5,FONET,2026-05-15,2026-05-15,137502118,0,0,1,Müşteri,0,0,238,1,17427696,0.127,14,3,0,0,0,-0.06262411165360234,0.19508159001131897,0.06035282357865931,0.0670421973079477,0.05310226400521873,0.16236885508584611,0.014894888567802236
4028328d9e2771a1019e3bf308886769,ORGE,2026-05-18,2026-05-20,69301850,1,0,1,Müşteri,0,0,407,1,564097394,8.14,3,1,0,0,10,0.15566077881028445,0.06798232674976368,0.10054957236129827,0.15931897821784172,0.12523058695713207,0.21243293593792775,0.24773388619765582
4028328c9e276fa9019e454ed84b0519,LINK,2026-05-20,2026-05-21,190130240,0,0,1,Müşteri,1,0,1010,1,45792576,0.241,8,0,0,0,0,0.019632652667361212,0.13849648986745178,-0.01225814726617691,0.12495836909126595,0.23133560194746577,0.1439981810018816,0.09843816352893947
4028328c9e276fa9019e45b6ed1316ab,TCKRC,2026-05-20,2026-05-21,238099110,0,0,1,Müşteri,0,0,953,0,0,0.0,4,0,0,0,1,0.09323032597281207,0.23934057699098282,0.049749141690274494,0.19421406811583436,0.23651022666809166,0.14126818288199247,0.07528592698572413
4028328c9e276fa9019e45eed969157b,VBTYZ,2026-05-20,2026-05-21,53004150,1,0,1,Müşteri,0,0,404,0,0,0.0,5,1,0,0,0,0.13491650191160406,0.025113005657903847,0.002819152978982442,0.058982332431226865,0.1546852765551361,0.21851846940310332,0.09524765201309904
4028328d9e2771a0019e4909788e3532,ASELS,2026-05-21,2026-05-21,9584113612,0,0,1,Müşteri,0,0,318,1,21396835280,2.233,2,1,0,0,0,-0.009704446625435487,0.002129992796991988,0.020501249899795456,0.030819568942537942,0.0005709967990266048,-0.04893826087947715,-0.036384244462021695
4028328c9e276fa9019e4a5748ab3dc6,ONCSM,2026-05-22,2026-05-22,156246500,0,0,1,Müşteri,0,0,399,1,36637130,0.234,7,1,1,0,0,0.11016990552427507,0.1858794601748895,-0.04967543921940691,-0.18259848821015628,-0.21908159425857165,-0.2511135144411096,-0.39463047872423146
4028328c9e276fa9019e4a6ef24b400c,ONCSM,2026-05-22,2026-05-22,156246500,0,0,1,Müşteri,0,0,1374,0,0,0.0,7,1,1,0,0,0.11016990552427507,0.1858794601748895,-0.04967543921940691,-0.18259848821015628,-0.21908159425857165,-0.2511135144411096,-0.39463047872423146
4028328c9e276fa9019e4ecfbbd166bb,KARSN,2026-05-22,2026-05-22,132022561,1,0,1,Müşteri,0,0,369,0,0,0.0,3,1,0,0,0,-0.12666740280466593,0.24658001265925517,0.050364708645938665,0.06550471893846765,0.09092968702491962,0.039327586765217894,0.03666789888856806
4028328c9e276fa9019e5032a6210d01,ALTNY,2026-05-22,2026-05-25,331327283,0,0,0,Müşteri,1,0,187,1,102494700,0.309,4,1,0,0,0,0.03848851762788689,0.04375110949233497,-0.008356073128986613,0.015697469099900527,-0.01687039631040578,-0.05159650247898009,-0.1337829513214379
4028328c9e276fa9019e50253b251e5e,EUPWR,2026-05-25,2026-05-25,504348007,0,0,1,Müşteri,0,0,472,1,148655000,0.295,4,0,0,0,0,0.24777071990834745,0.4353857495281481,0.09349063472952479,-0.012755772371829588,0.09483791363027438,0.2528854360775465,0.11288434997360822
4028328d9e2771a0019e4f9a7a537e9c,BRSAN,2026-06-01,2026-06-01,942474720,0,0,0,Müşteri,0,0,957,0,0,0.0,4,0,1,0,0,-0.012802937834446323,-0.0204029406670162,0.09616650209894548,0.13746873333157938,0.24950920985087502,0.2315196782737617,0.07694618165692349
4028328d9e2771a0019e7de02c6b4cce,ARDYZ,2026-06-01,2026-06-01,236001748,0,0,1,Müşteri,0,0,928,0,0,0.0,4,0,0,0,0,0.05484392283501998,0.2786593723110112,0.08467421133105699,0.10491868670724921,0.12460859454238413,-0.018065104182747305,-0.06967365525173416
4028328d9e2771a1019e81b10737552b,ASELS,2026-06-01,2026-06-01,9584113612,0,0,1,Müşteri,0,0,310,1,38721956000,4.04,2,0,0,0,0,-0.026172341145938346,0.05408902248153994,0.006846430947821938,-0.010471896057936516,-0.04428584573017315,-0.03758518484607498,-0.08415171748824274
4028328d9e2771a1019e81d2c52a5868,YEOTK,2026-06-01,2026-06-01,354678228,0,0,0,Müşteri,0,0,932,0,0,0.0,8,0,1,0,0,0.0011869851083980464,0.8140778711749178,0.04163541397259272,0.06776207332703921,0.05211036189597677,-0.025467716696690994,-0.026020380160512
4028328d9e2771a0019e8259087d5abd,FORTE,2026-06-01,2026-06-01,146666539,0,0,1,Tedarikçi,1,0,839,1,362614518,2.472,6,0,7,0,0,0.02081840110511883,0.0055504827250156055,0.029921863019765058,0.012612258023326151,-0.008919980372934776,-0.04110006753684437,-0.027532161457268042
4028328c9e276fa9019e876ff55e7dea,SMRTG,2026-06-02,2026-06-02,160562921,0,0,1,Diğer,0,0,366,1,460230010,2.866,5,0,0,0,0,0.017459244041349815,0.5293612575356124,0.04282652086471953,0.01777198556112214,-0.05069052672557395,-0.006168689351793257,-0.05204181469373837
4028328d9e2771a0019e878eb3d0034d,ARDYZ,2026-06-03,2026-06-03,236001748,0,0,0,Müşteri,0,0,579,1,162456497,0.688,5,1,0,0,0,0.22591660131538463,0.1804197075422911,-0.03191919674805599,-0.012229288912921087,-0.09197852253674801,-0.17526889086149736,-0.13298860075936758
4028328c9e276fa9019e4e62990570c3,KLYPV,2026-06-03,2026-06-03,108765038,0,0,0,Müşteri,0,0,521,1,812500000,7.47,2,0,0,0,2,0.07912184846854044,0.04981281547340164,-0.012627252609486087,-0.02167757164572361,-0.05352692742282478,-0.10928995129155476,-0.0580734543542877
4028328c9e276fa9019e911231fa67ae,ASELS,2026-06-04,2026-06-04,9584113612,0,0,1,Müşteri,0,0,309,1,12456304625,1.3,3,2,0,0,0,-0.07367805959244315,0.0005476711096930685,-0.048722848743055706,-0.032190930672745297,0.0015481019239592323,0.0014052085029107057,-0.0491344977635166
4028328c9e276fa9019e95f9cd516da0,AKHAN,2026-06-05,2026-06-05,207229896,0,0,1,Müşteri,0,0,238,1,1575576,0.008,2,0,0,0,0,0.031611664952775724,0.07478286338895884,0.03716460694525605,0.07944152526439083,0.1243102985301832,0.02964563602735313,0.07004091710677574
4028328d9e2771a1019e92f2b56b70f2,CWENE,2026-06-05,2026-06-05,898848244,0,0,0,Müşteri,0,0,1089,0,0,0.0,4,1,1,0,0,0.011951260694969542,0.1344261565085384,0.027861039496778928,-0.06347660526553753,-0.09783016219076822,-0.027584154424366885,-0.031740389167961236
4028328d9e2771a0019e981671601a08,HTTBT,2026-06-08,2026-06-08,27990416,0,0,1,Müşteri,0,0,632,0,0,0.0,3,0,0,0,0,0.020714967227189376,0.03636932955518293,-0.018930746700653412,-0.04047747725524714,-0.042023186339154674,-0.057452538640165425,-0.09092308090266103
4028328c9e9b8d9d019ea5dc573f040f,FORTE,2026-06-08,2026-06-08,146666539,0,0,1,Müşteri,1,0,396,1,124238880,0.847,5,0,7,0,0,-0.008919980372934776,-0.004168911892595832,0.012876117798341443,0.0009732887777895924,-0.03218008716390959,-0.06224029532484231,0.02136358988075736
4028328d9e9b8f9d019ea7d9c980479f,ASTOR,2026-06-09,2026-06-09,5966476824,0,0,1,Müşteri,0,0,749,1,3313533010,0.555,10,4,1,0,0,-0.07215362500548615,0.18667426445160237,-0.020656993856111448,-0.03250843586101725,-0.102156346847897,-0.03551946976466526,0.012092018597535191
4028328c9e9b8d9d019eac36b3175385,ALVES,2026-06-09,2026-06-09,191896437,0,0,0,Müşteri,0,0,251,1,245149829,1.278,7,0,13,0,0,-0.019609025736902323,-0.11115843497287191,0.019593197129373657,-0.00977634775496141,-0.03427016505740357,-0.04265181232803978,-0.07801068140581471
4028328c9e9b8d9c019eac33fb934cac,ALVES,2026-06-09,2026-06-09,191896437,0,0,0,Müşteri,0,0,237,1,570392836,2.972,7,0,13,0,0,-0.019609025736902323,-0.11115843497287191,0.019593197129373657,-0.00977634775496141,-0.03427016505740357,-0.04265181232803978,-0.07801068140581471
4028328d9e9b8f9f019eac28355747a7,BVSAN,2026-06-09,2026-06-10,86462266,0,0,0,Müşteri,0,0,254,1,102398450,1.184,4,0,0,0,0,-0.08246957732838851,0.13795234625785768,0.014222577993073223,0.06214886211761698,0.041393141725180556,-0.022323813929583526,-0.022376708959462636
4028328c9e9b8d9c019ea78d61572770,HRKET,2026-06-10,2026-06-10,89533904,0,0,0,Müşteri,0,0,246,1,188801310,2.109,7,2,3,0,1,0.258225838337956,0.3297834098226465,-0.07934406195022677,-0.16149903708510732,-0.20166664353222707,-0.047097089688272586,-0.3411922786405404
4028328c9e9b8d9c019eb55bbfe81495,GESAN,2026-06-11,2026-06-11,283975754,0,0,1,Müşteri,0,0,792,1,1304991242,4.595,8,2,0,0,0,0.1018975883751306,0.4493193448638782,-0.05736561953228445,-0.09903081927008252,-0.18935807538570157,-0.2380807332021417,-0.12415603770043898
4028328c9e9b8d9c019eb7b587902e35,VBTYZ,2026-06-11,2026-06-12,53004150,0,0,1,Müşteri,0,0,824,1,439880000,8.299,7,2,0,0,0,0.007961030351880392,0.2926208577044748,0.0854021975711599,0.0139227726546039,-0.039666947696782924,-0.0703029477685132,0.023362615007223628
4028328c9ec11d3d019ec9d47dce0327,ASELS,2026-06-15,2026-06-15,9584113612,0,0,1,Müşteri,0,0,247,0,0,0.0,3,0,0,0,0,0.006700660884098161,-0.06585231127726578,-0.02431745775000788,0.028518497291049175,0.026405280432278893,-0.04656653264216776,-0.019428602290625034
4028328c9e9b8d9c019eba8cece538bc,ARDYZ,2026-06-15,2026-06-15,236001748,0,0,1,Müşteri,0,0,625,0,0,0.0,7,0,0,0,0,-0.14267369872513141,0.2499047541483227,0.02879738163092592,-0.04749955764758755,-0.06673034207753402,-0.05160855106898685,0.09984001362774407
4028328c9ec11d3d019eca33112f0686,EUPWR,2026-06-15,2026-06-15,504348007,0,0,1,Müşteri,0,0,368,1,45678053,0.091,8,2,0,0,0,0.05676882243647033,0.5565867031839254,0.013508753893238462,-0.05246222567446691,-0.12110972545960076,-0.20037471239879356,-0.04331640815389341
4028328c9ec11d3d019ececf0828316e,ASELS,2026-06-16,2026-06-16,9584113612,0,0,1,Müşteri,0,0,286,1,41814006000,4.363,3,0,0,0,0,-0.019239815865401053,-0.058642707504912635,0.04533694380461533,0.06454249383664587,0.0317938322828565,-0.026952879621996852,-0.026404182641817184
4028328c9ec11d3d019ed08509d5442c,TRILC,2026-06-16,2026-06-16,46358504,0,0,1,Müşteri,0,0,407,0,0,0.0,8,0,5,0,0,-0.33110254148656676,-0.5908656098982966,-0.048345365761715664,-0.18500274808674777,-0.09719544078840493,-0.06286009988886304,0.08465486136624176
4028328d9ec11d42019ed0d44f5547ce,MARBL,2026-06-16,2026-06-16,26710296,0,0,1,Müşteri,0,0,329,0,0,0.0,2,0,0,0,0,-0.13494490976461807,0.10130873428050062,0.06317366619317155,0.08266557410904986,0.011135183615676275,0.03648407130563602,0.036149242818642756
4028328c9ec11d3d019ed48689f7681f,MARBL,2026-06-17,2026-06-17,26710296,0,0,1,Müşteri,0,0,305,0,0,0.0,2,0,0,0,0,-0.041955498019269934,0.0687853938493836,0.0005653357748474793,-0.015001597700520815,-0.014779424166940147,-0.040093731905080046,-0.016071866296510463
4028328d9ec11d43019ed4ba14c862a1,PCILT,2026-06-17,2026-06-17,46264419,0,0,1,Müşteri,0,0,331,0,0,0.0,7,0,0,0,0,-0.0796933445136157,0.1818020370560311,-0.004769185365542764,-0.04049519231777648,-0.024852270602153656,-0.07042371259186138,-0.027386432663384832
4028328c9ec11d3d019ed59a81cb6a4c,SMRTG,2026-06-17,2026-06-17,160562921,0,0,1,Müşteri,0,0,448,1,617561248,3.846,7,1,0,0,0,0.09390577259102269,-0.048475380261787014,-0.037095134595903266,-0.03393743430827951,-0.029278105612510166,-0.08776133843490933,-0.10638177620334024
4028328c9ec11d3d019ed61885be0356,GEREL,2026-06-17,2026-06-17,192296334,0,0,1,Müşteri,1,0,486,0,0,0.0,14,1,0,0,0,-0.1089782264413467,0.058029253191853196,0.025369103435757996,0.014570294531374437,0.09081844974320205,0.03335752071258546,-0.0896669019821961
4028328c9ec11d3d019edefad02c287e,BOBET,2026-06-19,2026-06-19,60474528,0,0,1,Müşteri,0,0,364,1,1350000000,22.323,1,0,0,0,11,-0.07138546455707714,0.024425522761194713,0.06643818546146063,0.05006850150733208,0.04755160494905456,0.04278096880794143,0.08545616930936537
4028328d9ec11d41019edf0410332fab,GOKNR,2026-06-19,2026-06-19,91227272,1,0,1,Diğer,0,0,1432,0,0,0.0,2,1,2,0,18,-0.057999264629535925,0.12940052606614647,0.05634602801201622,0.02363556038165383,0.026295808117754862,-0.050231338910944015,0.03138457552918679
4028328c9ec11d3d019eee1f0e8a5718,SDTTR,2026-06-22,2026-06-22,206840623,0,0,0,Müşteri,0,0,413,1,49430388,0.239,8,0,0,0,0,-0.050225935244371064,-0.005915639500103304,0.012036571665461293,0.0004805671008799268,-0.013627854853718348,0.1266727399277013,0.05541172987827527
4028328d9ec11d43019ef60271010bde,ODINE,2026-06-24,2026-06-24,348845744,0,0,1,Tedarikçi,0,0,999,0,0,0.0,4,0,2,0,0,0.04883937028246326,0.24705923544645506,0.018904656839970436,0.08576434307655646,0.12249374128649196,0.0775836145459576,0.2966861654309137
4028328d9ec11d41019ef609b74b0c70,ARDYZ,2026-06-24,2026-06-24,236001748,0,0,0,Müşteri,0,0,216,1,14946714,0.063,8,0,0,0,0,-0.046827521149746185,0.050647710453887274,0.0037418778713662255,0.015584873304204157,0.08910781125187595,0.2025332264356901,0.2688241771736232
4028328d9ec11d43019ef9b64fed1de1,LINK,2026-06-24,2026-06-25,190130240,0,0,1,Müşteri,1,0,1522,1,13621372,0.072,6,0,0,0,0,0.006384940157905341,0.06740287159033295,0.02489681621138712,0.021893997128153878,0.0630904269965176,-0.0035342671845490017,-0.07700891498251289
4028328c9ec11d3d019efea51d815803,FORTE,2026-06-25,2026-06-25,146666539,0,0,0,Müşteri,1,0,322,1,195006840,1.33,4,0,7,0,0,-0.016528795428825554,-0.035097552371982074,0.0756374353730589,0.0969968415305897,0.0632240014650728,0.06707003981262823,0.1894408879482837
4028328d9ec11d43019efe8debac375c,MEGMT,2026-06-25,2026-06-25,439275591,0,0,0,Müşteri,1,0,308,0,0,0.0,4,0,0,0,0,-0.03568771863498047,0.05944985695145435,-0.0032042332670983937,-0.0295430115119011,-0.059476889128527,-0.11421425282844597,-0.00840637635794772
4028328c9ec11d3d019efff297796f9b,ARDYZ,2026-06-26,2026-06-26,236001748,0,0,1,Müşteri,0,0,323,1,32876025,0.139,8,0,0,0,0,-0.014722525864167304,-0.04880823203927783,0.030054407878296777,0.10357734582596857,0.06802927651960877,0.2366838948794418,0.2784403627968584
4028328c9f0a0859019f11f2ca750371,SMRTG,2026-06-29,2026-06-29,160562921,0,0,1,Müşteri,0,0,599,1,772532250,4.811,7,0,0,0,0,-0.02798651509667741,0.002183619377629936,-0.006275697561469656,-0.06913717780238447,-0.039836247122677665,-0.06042981945451326,0.06913338502645426
4028328d9f0a0a58019f1354e92119bf,ALTNY,2026-06-30,2026-06-30,331327283,0,0,0,Müşteri,1,0,269,1,614786040,1.856,2,0,0,0,0,0.07943055495750631,-0.1406024972661845,0.01339253762321373,0.006097199591224817,0.07262136676861904,-0.05158089389093661,0.00917667261768659
4028328d9f0a0a58019f13603ad01a8f,ALTNY,2026-06-30,2026-06-30,331327283,0,0,0,Müşteri,1,0,219,1,71797709,0.217,2,0,0,0,0,0.07943055495750631,-0.1406024972661845,0.01339253762321373,0.006097199591224817,0.07262136676861904,-0.05158089389093661,0.00917667261768659
4028328c9f0a085b019f183ecf133daf,FORTE,2026-06-30,2026-06-30,146666539,0,0,0,Müşteri,1,0,408,1,114480625,0.781,3,0,7,0,0,0.07908850180415271,-0.11259070575850647,-0.03391082267203267,-0.006749861727929761,-0.0017014346610315719,0.06668937488767994,0.1354304061348317
4028328c9f0a085b019f1e13e7b273fe,ALTNY,2026-07-01,2026-07-02,331327283,0,0,0,Müşteri,1,0,239,1,27020286,0.082,2,0,0,0,0,0.11963086558829007,-0.11691255501103211,-0.025225187884405052,0.04129897929298917,-0.042383409908033604,-0.08131142159227313,-0.030976544217027488
4028328d9f0a0a59019f225e296113c7,SMRTG,2026-07-02,2026-07-02,160562921,0,0,1,Müşteri,0,0,309,1,187259665,1.166,5,0,0,0,0,-0.09371624986337308,-0.045060956556998245,-0.0027826222378975712,0.004516521670097174,-0.09435988774025166,0.05035100986456625,0.08560682446410585
4028328d9f0a0a58019f22651144268a,KAREL,2026-07-02,2026-07-02,96347542,0,0,0,Müşteri,0,0,291,1,273220757,2.836,7,0,1,0,0,0.1244330295049306,-0.27009622177363674,-0.0046341401504040565,-0.03420325910061029,-0.1108283188623441,-0.08642956815168565,-0.1570483052436068
4028328c9ec11d3d019f037db4fd5442,HTTBT,2026-07-03,2026-07-03,27990416,0,0,1,Müşteri,0,0,484,0,0,0.0,3,0,0,0,0,-0.018612857148206853,-0.05750725831281868,-0.002448486851075537,-0.00934264096021385,-0.029162172713768572,-0.03251839830077536,-0.01802837481105509
4028328d9f0a0a59019f35d239350475,TCKRC,2026-07-06,2026-07-06,238099110,0,0,0,Müşteri,0,0,669,1,533716000,2.242,8,3,1,0,0,-0.19137209111400727,0.07589962341000694,0.039035557040776145,-0.08745076382401207,-0.12336324682252678,0.09571246436771119,0.1341209301546449
4028328c9f0a085b019f27844b0e5710,ARDYZ,2026-07-06,2026-07-06,236001748,0,0,0,Müşteri,0,0,409,1,25910549,0.11,8,0,0,0,0,0.03378467016888592,-0.1942822497941183,0.07692321583007428,0.10575437334364401,0.11766389452784501,0.17608814666098047,0.339516122293914
4028328d9f0a0a58019f3612d74e2654,YEOTK,2026-07-06,2026-07-06,354678228,0,0,1,Müşteri,0,0,1506,0,0,0.0,9,0,0,0,0,-0.13534248611913946,-0.07813074205648878,0.0185401314634141,-0.08140771715398513,-0.04887912072221487,-0.009920953368951524,0.02400240612222634
4028328c9f0a085b019f38f96a34559f,ODINE,2026-07-07,2026-07-07,348845744,0,0,1,Tedarikçi,0,0,936,0,0,0.0,6,2,2,0,0,-0.06129429991428019,0.2967295958378435,0.03605718203211357,0.115415533646208,0.15603608313836717,0.23042335621478666,0.5496606595246516
4028328c9f0a0859019f3b245d8367bf,KLYPV,2026-07-08,2026-07-08,108765038,0,0,0,Müşteri,0,0,525,1,141519724,1.301,3,0,0,0,1,-0.058628463212755944,-0.004546526931462924,-0.0025854657501568194,0.06258254952210736,0.12011244204772688,0.07385424593528908,0.06255427808362737
4028328d9f0a0a59019f3dda54a82adc,ARDYZ,2026-07-08,2026-07-08,236001748,0,0,0,Müşteri,0,0,413,1,184911253,0.784,9,1,0,0,0,0.11342541518381415,-0.04101007822261955,-0.04740930961895601,-0.035499788434755014,-0.001618986531990575,0.0662909507379331,0.15770977503368983
4028328c9f0a0859019f406802f6407d,LINK,2026-07-08,2026-07-08,190130240,0,0,1,Müşteri,1,0,1308,1,24024650,0.126,7,1,0,0,0,-0.02583357189329794,0.0051194397963249825,-0.012362604499258184,-0.02310476457516522,-0.07555816607367302,-0.09649486407249173,-0.10530663153768165
4028328d9f0a0a59019f409e13854640,ASTOR,2026-07-08,2026-07-08,5966476824,0,0,1,Müşteri,0,0,756,1,1988195022,0.333,13,0,4,0,0,0.14161030257332327,-0.08950577037977653,-0.0026239956830167786,0.016790291906037196,0.03186742573617026,-0.047647871178932946,0.02338883283945234
4028328d9f0a0a59019f423b34b50128,PCILT,2026-07-08,2026-07-08,46264419,0,0,1,Müşteri,0,0,328,0,0,0.0,8,1,0,0,0,-0.08071298255983457,-0.15011705710547707,0.043872133913054036,0.10157735605667499,0.12375026248831111,0.18767036701637763,0.16218150592387628
4028328d9f0a0a58019f42dd7029507d,OZATD,2026-07-08,2026-07-09,147850722,1,0,1,Müşteri,1,0,586,1,198910258,1.345,13,1,2,0,0,0.1523130598639429,0.08325025713064747,0.02230350883019552,0.16835421181127488,0.3125836828418606,0.46983605443037824,0.9161554720437611
4028328c9f0a0859019f4665954518b2,FORTE,2026-07-09,2026-07-09,146666539,0,0,1,Müşteri,1,0,585,1,18895000,0.129,2,0,4,0,0,0.003846038347555425,-0.029406489404960403,0.012988943869874103,0.0966161766056414,0.13075827515238117,0.12237084813565548,0.28119342363055533
4028328c9f0a085b019f46d2a6eb29cc,ONRYT,2026-07-09,2026-07-09,63543988,0,0,0,Müşteri,0,0,443,1,405074403,6.375,7,0,0,0,0,0.023866447815513735,-0.09206902592936073,-0.016501289973574303,-0.022905108398927884,-0.014022441999138388,-0.04560327172299331,-0.06931116534008194
4028328d9f0a0a58019f45b16bb6580c,SDTTR,2026-07-09,2026-07-09,206840623,0,0,0,Müşteri,0,0,480,1,59467051,0.288,9,2,0,0,0,-0.06834305809569068,0.1268780651062165,-0.020568828762589766,-0.0024301683507121164,-0.025369894659960528,-0.03565316698248375,-0.007542299400193939
4028328d9f0a0a58019f4a7387ac1948,YEOTK,2026-07-10,2026-07-10,354678228,0,0,1,Müşteri,0,0,493,1,395282334,1.114,11,2,0,0,0,-0.0634999128010215,-0.12788767979308957,-0.00852012819793628,0.0480931716544442,0.047218651777211816,0.11843185779693963,0.07760370792023398
4028328c9f0a085b019f4a9f98de4902,FORTE,2026-07-10,2026-07-10,146666539,0,0,1,Müşteri,1,0,377,1,182786802,1.246,2,0,4,0,0,-0.0101879961201576,0.00945414640709515,0.04535576706193724,0.14487481931673593,0.1291460810480806,0.14989403533523793,0.2281551949098215
4028328c9f0a085a019f4afee9b83f3f,ASELS,2026-07-10,2026-07-10,9584113612,0,0,1,Müşteri,0,0,225,1,78700425413,8.212,7,2,0,0,0,-0.042555838781108475,-0.02432823090172419,0.016059794323051806,-0.025729214531636447,-0.010294822950892294,0.07155170407727804,0.015613497321395591
4028328d9f52dddd019f59f09a9a029a,YEOTK,2026-07-13,2026-07-13,354678228,0,0,0,Müşteri,0,0,2110,1,1876484000,5.291,11,2,0,0,0,-0.04887912072221487,-0.13589514958296048,0.06538891898774753,0.07198587762913491,0.038958167353263344,0.23897814292360284,0.06292193266228299
4028328d9f52dddd019f5a5727dc09c7,BRLSM,2026-07-13,2026-07-13,56758449,0,0,1,Müşteri,0,0,899,0,0,0.0,10,1,0,0,0,-0.10787464109717627,-0.10103321977008806,0.11588464197121688,0.04785123754105202,0.03546652340200254,0.02041036242898975,-0.007803072753895193
4028328d9f0a0a59019f1c7ba65a5dca,ASTOR,2026-07-13,2026-07-13,5966476824,0,0,1,Müşteri,0,0,657,1,1487113570,0.249,15,2,5,1,0,0.03098588073769242,0.16394891085157193,-0.007786991763227369,-0.035550583608678125,-0.07218961985480636,-0.07128705684050356,-0.01737562227554793
4028328d9f0a0a59019f17ff6d673cf7,SDTTR,2026-07-13,2026-07-13,206840623,0,0,0,Müşteri,0,0,408,0,0,0.0,10,1,0,0,0,-0.06862094637924353,0.07644680468333025,0.004147737456966831,-0.01879198885228158,-0.002640063670182516,-0.03815593184316312,0.029334580737266018
4028328c9f52dc3f019f5c6d563f26f6,UCAYM,2026-07-13,2026-07-14,298646590,0,0,1,Müşteri,0,0,1679,0,0,0.0,10,2,0,0,0,-0.09443134012809214,-0.1368298845023863,0.02467727876734179,0.02334621690789205,-0.016836129552420434,-0.05466899580372284,-0.05442817974799066
4028328d9f0a0a59019f27b22a3d4a0d,KLYPV,2026-07-14,2026-07-14,108765038,1,0,0,Müşteri,0,0,818,1,6009489370,55.252,3,0,0,0,1,0.06025391087566025,0.0036736093907406924,0.046380002261561075,0.019510779279676406,0.009472113069466107,-0.018470161257527016,-0.033395207302508376
4028328c9f52dc3f019f5b682e5f1604,KBORU,2026-07-14,2026-07-14,168028009,0,0,0,Müşteri,0,0,798,1,184555203,1.098,2,0,0,0,0,-0.010726596034056507,0.1057491757572793,0.01392847005393131,0.011066699803933457,0.025279466473593856,0.015377141192746729,-0.10259921130062132
4028328d9f52dddd019f60171ffb3a15,FORTE,2026-07-14,2026-07-14,146666539,0,0,1,Müşteri,1,0,499,1,43628000,0.297,2,0,4,0,0,0.0683908095487115,0.06563078842757386,0.06124758658096863,0.045518848312313294,0.06442325481650041,0.06874103124715177,0.34919919665453175
4028328c9f52dc3f019f6e8f4141734b,YEOTK,2026-07-17,2026-07-17,354678228,0,0,0,Müşteri,0,0,1760,0,0,0.0,12,1,0,0,0,0.10451447406090518,-0.20434094772362785,-0.01624709765398682,0.011833473277158741,0.07224928667014138,0.05906635795547756,-0.03146508964170385
4028328d9f52dddc019f7e0808404a6b,ALTNY,2026-07-20,2026-07-20,331327283,0,0,0,Müşteri,1,0,372,1,15729329200,47.474,4,0,0,0,0,-0.003603756868097332,0.023248916139535333,0.09356986198710722,0.10361116692803321,0.09334843845542742,0.04954544148442162,0.08542677639501473
4028328d9f52dddc019f7e243d3f4b9f,YEOTK,2026-07-20,2026-07-20,354678228,0,0,1,Müşteri,0,0,1198,0,0,0.0,12,1,0,0,0,0.047218651777211816,-0.13884661631673764,-0.016780612621884752,0.040148562333475094,0.0712132060197278,0.043349462803448424,0.06350298622938295
4028328d9f52dddd019f7f98934e42c5,FORTE,2026-07-20,2026-07-20,146666539,1,0,1,Müşteri,1,0,480,1,55335215,0.377,2,0,2,0,0,0.1291460810480806,0.0705389380036604,0.039415134193410944,-0.013546174154131868,0.02074795428715734,0.07830445618636997,0.26994878482197937
4028328d9f52dddd019f7fe13f845324,VBTYZ,2026-07-20,2026-07-21,53004150,0,0,1,Tedarikçi,0,0,1917,0,0,0.0,8,0,0,0,0,-0.04292379869076823,0.06976836728949835,0.03712708241292747,0.1332192009333107,0.15318989849623335,0.11193615484779067,0.14352385791754163
4028328c9e9b8d9c019ea21b94ec012c,MAGEN,2026-07-20,2026-07-21,383374108,0,0,1,Müşteri,0,0,1018,0,0,0.0,4,0,10,0,15,0.19753004644724637,-0.11893814056743007,0.027505089285779702,0.05684094011358738,0.04508086453386858,0.00580827150436619,-0.08805831682974405
4028328c9f0a0859019f1cb47e0c656b,KLYPV,2026-07-21,2026-07-21,108765038,0,0,0,Müşteri,0,0,494,1,457203139,4.204,3,1,0,0,1,0.01617251380320306,-0.01546484873462384,0.0044494895303214795,0.012425243418143276,-0.015467467424370721,-0.0021952948069115254,-0.036006723596146144
4028328d9f52dddd019f7e8e6ac6393c,ARDYZ,2026-07-21,2026-07-21,236001748,0,0,0,Müşteri,0,0,479,1,21004320,0.089,9,0,0,0,0,0.058424252133135464,0.1665703557052781,0.03279326833604411,0.05969216202556351,0.06143171439491593,0.1634279756329335,0.3130562891373298
4028328d9f52dddd019f846f305a596c,TLMAN,2026-07-21,2026-07-21,17541963,0,0,1,Tedarikçi,0,0,611,1,40356450,2.301,1,0,0,0,0,0.0018547248481073253,-0.12234476858938978,0.009831173338576808,2.1704064167316037e-05,-0.014206581404571173,-0.020041103861104005,-0.06265217219531974
4028328d9f52dddd019f88a4684975c6,GESAN,2026-07-22,2026-07-22,283975754,0,0,1,Müşteri,0,0,560,1,384307000,1.353,11,0,6,0,0,0.11420524822235376,0.00401914571301688,-0.05200008137697132,-0.06527614004777967,-0.1382361924120258,-0.059891513466195055,-0.06274419891163092
4028328c9f52dc40019f88aee341757d,GOLDA,2026-07-22,2026-07-22,375679662,0,0,1,Müşteri,0,0,547,1,143505075,0.382,2,2,0,0,0,0.3076213698187048,,-0.11162409892528116,-0.023238386863439202,-0.1956532449446105,-0.18954841327868827,-0.4137669836812074
4028328c9f52dc40019f8aa8ad9c169c,KLSYN,2026-07-22,2026-07-23,45897582,0,0,1,Müşteri,1,0,661,1,129800000,2.828,8,1,2,0,1,-0.07211207096329099,0.07546282527851186,0.0035974659147228224,-0.0012925490837587391,-0.05623310143868844,-0.03489432706322099,0.142188921411889
4028328c9f52dc40019f8edd93e43408,ALVES,2026-07-23,2026-07-23,191896437,0,0,0,Müşteri,0,0,452,1,338356500,1.763,4,0,6,0,0,0.004138945701025742,-0.14118819402399727,0.012458579152032046,0.009814994638976745,0.009073034889352447,-0.17274311732100786,-0.2996640972410102
4028328c9f52dc40019fa039f8ed7ac6,FRMPL,2026-07-26,2026-07-27,149460927,0,0,1,Müşteri,0,0,575,0,0,0.0,7,0,0,0,0,0.015477296714200376,-0.07400307137185144,0.001368094038120034,-0.04568748825655243,-0.038507250283803446,0.0832905888189323,0.03302045753797015
4028328d9f52dddc019f9dc524b37c4d,ARDYZ,2026-07-27,2026-07-27,236001748,0,0,0,Müşteri,0,0,413,1,46965584,0.199,9,0,0,0,0,0.01391439542463969,0.26452596737221873,0.022918576306220677,0.01066557613878803,0.07780949900451334,0.12304543541641204,0.29549214508254823
4028328c9f52dc3f019fa239d2c24943,YEOTK,2026-07-27,2026-07-27,354678228,0,0,1,Müşteri,0,0,472,0,0,0.0,13,1,0,0,0,0.0712132060197278,-0.08583168718774663,0.11202615692872694,0.01379997509805571,-0.027863743216279387,-0.040828149876705654,-0.20388031270632698
4028328c9f52dc40019fa282edaa03bf,GOLDA,2026-07-27,2026-07-27,375679662,0,0,1,Müşteri,0,0,439,1,37425000,0.1,6,4,0,0,0,-0.022324907476956493,,-0.08781434524665975,-0.20666138173772444,-0.19007013922810184,-0.28302392794006065,-0.2880274621145409
4028328d9f52dddd019f83fa8e9b653c,ONCSM,2026-07-28,2026-07-28,156246500,0,0,1,Müşteri,0,0,394,1,117583169,0.753,8,0,4,2,0,-0.03698591819553364,0.07375463164417545,0.1056277610942029,0.06244085089716083,0.031076717258541005,-0.0316028745547614,-0.019471517472221492
4028328c9f52dc40019fa975c2536cf7,SARAE,2026-07-28,2026-07-29,1794385895,0,0,0,Müşteri,0,0,615,0,0,0.0,2,2,0,0,0,0.11994871091258749,,-0.08599097442490827,-0.2820273539880592,-0.18670805038400737,-0.2855035648020343,-0.1665515743092066
4028328c9f52dc40019faa82c89f71f9,YEOTK,2026-07-29,2026-07-29,354678228,0,0,0,Müşteri,0,0,1085,1,461953385,1.302,14,2,0,0,0,0.06786173628907163,-0.06958751720602373,-0.01092912610243368,-0.05259284441676877,-0.02866034978471871,-0.10231460316468967,-0.2413015154694328
4028328d9f52dddc019fada609cc79e4,MEKAG,2026-07-29,2026-07-29,61629933,0,0,1,Müşteri,0,0,297,0,0,0.0,4,1,0,0,0,-0.04396235596078745,-0.056076555002330004,-0.015515594391643269,-0.03765017157112721,-0.05450029639216024,-0.05206349660311834,-0.07176307737338791
4028328c9f52dc40019fadcb5fce2648,FONET,2026-07-29,2026-07-29,137502118,0,0,1,Müşteri,0,0,163,1,198476457,1.443,13,1,0,0,0,0.028074138385578262,-0.03332014714429987,-0.019018939340677055,0.028330940422296964,-0.024116233865790572,-0.04227842331132208,-0.016033466009708716
4028328c9f52dc40019fae9918da411d,OZATD,2026-07-29,2026-07-30,147850722,0,0,1,Müşteri,1,0,386,1,109003210,0.737,13,1,1,0,0,0.27371165636991157,0.6331530695946825,0.04876804148514118,0.09894538438680668,0.18674012615930133,0.16217797267316822,0.13019642710416554
4028328d9f52dddd019fae7381070628,TEHOL,2026-07-29,2026-07-30,2228848697,0,0,1,Tedarikçi,1,0,767,0,0,0.0,1,0,6,0,0,0.09561105371151164,0.13065159945420177,0.04393978947936991,0.07772717044867593,0.06546476843715283,0.07699253675635195,-0.2453750013009481
4028328d9f52dddd019fb32ca95b2b9e,EUREN,2026-07-30,2026-07-30,256260302,0,0,1,Müşteri,0,0,334,1,1010343066,3.943,3,0,0,0,0,-0.030636346595408603,-0.0605232990399624,0.018048042048713953,0.01193851911246599,-0.009440669488002937,-0.06418980204039777,-0.06962386092379558
4028328d9f52dddd019fb6cefab36b3e,MEKAG,2026-07-31,2026-07-31,61629933,0,0,1,Müşteri,0,0,212,0,0,0.0,5,2,0,0,0,-0.08382850333977879,-0.06342681565695867,0.015741387680264972,-0.0011087371407680546,-0.019476957074544717,-0.02635098297074376,-0.02214849836991134
4028328d9f52dddc019fb7a4c4b508a2,BVSAN,2026-07-31,2026-08-03,86462266,0,0,0,Müşteri,0,0,321,1,280243708,3.241,5,1,0,0,0,-0.051387479520473685,0.02540356329727585,0.013875219674096086,0.02154017525280737,0.01105392273730378,-0.00063583420060542,-0.09572989725620264
4028328c9f52dc40019fbe28d9f70928,ARDYZ,2026-08-03,2026-08-03,236001748,0,0,1,Müşteri,0,0,397,1,163500000,0.693,9,0,0,0,0,0.07780949900451334,0.21041108627724966,0.047105338539724886,0.01846267424210077,0.04523593641189869,0.0942572628243435,0.1472978196321159
4028328c9f52dc40019fc63923917cbd,SDTTR,2026-08-03,2026-08-03,206840623,0,0,0,Müşteri,0,0,461,1,271995915,1.315,9,1,0,0,0,-0.03523713548270409,-0.09312743936357186,0.004423497963609603,0.03229984266862571,0.06765314905735757,0.06863441221917116,0.06213313889455887
4028328c9f52dc3f019fc82be1a770d0,PCILT,2026-08-03,2026-08-03,46264419,0,0,1,Müşteri,0,0,282,0,0,0.0,10,1,0,0,0,0.03338581883299638,0.0777333668021331,-0.03585498500930257,-0.015651764780021192,-0.031128603799574994,-0.0525653560967624,0.05652707322565764
4028328c9f52dc40019fb84e50ae4da7,ODINE,2026-08-04,2026-08-04,348845744,0,0,1,Müşteri,0,0,1399,1,87818390,0.252,8,0,1,0,0,0.05915059654325391,0.4199525758013093,0.06732966752671721,-0.015878462344629283,0.07454474179390282,0.08243280196776717,-0.3039116804731359
4028328d9f52dddd019fc81143ce0a61,ARDYZ,2026-08-04,2026-08-04,236001748,0,0,0,Müşteri,0,0,323,1,31956900,0.135,9,0,0,0,0,0.10199626123801755,0.2375198610558964,-0.002792669611502159,0.00442690426351342,0.020373394520635288,0.14962831350439632,0.08230539585888962
4028328d9f52dddd019fcc409f61148b,FORTE,2026-08-04,2026-08-04,146666539,0,0,0,Müşteri,1,0,447,1,29963500,0.204,3,0,2,0,0,0.049867937310992067,0.1299992860685453,0.016998509782720737,0.055375448090645214,0.11272461597307826,0.23672141509647232,0.009285830703129784
4028328d9f52dddd019fd0db7ee26f6f,BOBET,2026-08-05,2026-08-05,60474528,0,0,1,Müşteri,0,0,346,1,700000000,11.575,1,0,0,0,11,-0.009306401362493149,-0.006009708920842243,0.0034221665508940916,0.008009229652718174,0.003914240086016072,0.07652690893529222,0.13567107810946302
4028328c9f52dc40019fd1b293f81cd8,ARDYZ,2026-08-06,2026-08-06,236001748,0,0,0,Müşteri,0,0,505,1,37092900,0.157,9,0,0,0,0,0.08560659710782609,0.07210317792586374,0.03306956856113754,0.049016058818259406,0.023981475629583394,0.15894180901864333,0.1150208435793652
4028328c9f52dc40019fd6ba0d176c9a,ALVES,2026-08-06,2026-08-06,191896437,0,0,1,Müşteri,0,0,293,1,172502400,0.899,6,0,3,0,0,-0.18181615221036032,-0.008790290366251034,-0.016983835978248308,-0.046264256657899225,-0.1103237391647038,-0.12692097992000229,-0.4199877106744079
4028328d9f52dddd019fd81f47da1559,AZTEK,2026-08-07,2026-08-07,38429337,0,0,1,Tedarikçi,1,0,1184,0,0,0.0,5,0,0,0,0,0.016161423417279316,-0.060560633673973255,0.005900257916113037,0.0988981014203273,0.0395993111923008,-0.11218403564771715,-0.19886712289568115
4028328d9f52dddd019fdb5b4f112142,BESTE,2026-08-07,2026-08-07,371153006,1,0,1,Diğer,0,0,852,0,0,0.0,21,0,0,0,0,-0.0017971060831141147,-0.025394870131176382,0.008278728127318103,0.017251920892857157,0.09402693444802321,0.14656783422765354,0.09966440167376861
4028328c9f52dc3f019fec66a97c7f5c,OZATD,2026-08-10,2026-08-11,147850722,0,0,1,Müşteri,1,0,387,1,217804367,1.473,16,1,1,0,0,0.09606336547312526,0.7821386472947024,0.00775432267816394,-0.045508184824938326,-0.06129052449051346,-0.06843097858776184,-0.012110854982927953
4028328d9f52dddc019fecb4a55a23bc,HKTM,2026-08-10,2026-08-11,52204668,0,0,0,Müşteri,0,0,917,1,177015715,3.391,6,0,3,0,0,-0.031009246006157443,0.11144235295293546,0.00775432267816394,-0.0178726725251792,0.07224492215934586,0.21195367132967408,0.14498893883387903
4028328c9f52dc3f019ff0ac88204420,EMNIS,2026-08-11,2026-08-11,1342504,0,0,0,Diğer,0,0,694,0,0,0.0,0,0,0,0,0,-0.0020424764348415093,0.17424986911034102,-0.012304674371983553,-0.07992192656745696,-0.04728775658097749,-0.11166087482707106,-0.07996040629997993
4028328d9f52dddd019ff1a4da0f38e1,KLSYN,2026-08-11,2026-08-12,45897582,0,0,1,Müşteri,1,0,675,1,124630000,2.715,9,1,1,0,0,0.14724824172460727,-0.0704280209821441,-0.0032294212752554015,0.077929959800448,0.08482109861844701,0.036471418467646725,0.06245041727345393
4028328d9f52dddc019ff56558d02c92,CWENE,2026-08-12,2026-08-12,898848244,0,0,0,Müşteri,0,0,1190,0,0,0.0,7,2,2,1,0,0.0147359771812339,0.11622975462010589,-0.061619378541127735,-0.13995797550226463,-0.12822537646889354,-0.15914794122906853,-0.24090014757267933
4028328d9f52dddd019ff9b51472199e,ONCSM,2026-08-13,2026-08-13,156246500,0,0,1,Müşteri,0,0,880,1,272999916,1.747,7,0,3,0,0,-0.06182845277651169,-0.010076626273436223,0.008017036806269839,-0.0035526063140214506,-0.055150228381682355,0.0626792772820108,-0.26773823117116574
4028328c9f52dc40019ffbb764ec00a1,LINK,2026-08-13,2026-08-14,190130240,0,0,1,Müşteri,1,0,1134,1,11554000,0.061,6,0,0,0,0,-0.05537114021430018,-0.06005061535086265,0.033811751318344296,-0.0123658149861489,-0.04024667257761234,-0.04194739564988198,-0.09925570281754983
4028328c9f52dc3f019ffbbfb19f1934,BVSAN,2026-08-13,2026-08-14,86462266,0,0,0,Müşteri,0,0,321,1,89335025,1.033,4,0,0,0,0,-0.004326698477656777,-0.09857752659044784,0.014450980698694826,-0.03248502224538959,-0.07897303414234445,-0.07994319350823782,0.24490265270558503
4028328d9f52dddd019ffc48f9fe3b0e,BRSAN,2026-08-13,2026-08-14,942474720,0,0,0,Müşteri,0,0,1148,0,0,0.0,8,1,0,0,0,0.05487628957953062,0.04962084149151758,0.05289502073509155,0.011164795503610884,0.0859732256121207,0.13250141402229101,0.10781938747386959
4028328d9f52dddd01a0001af1337c93,BRLSM,2026-08-14,2026-08-14,56758449,0,0,1,Müşteri,0,0,532,0,0,0.0,13,0,0,0,0,-0.06112987062696589,-0.0336200582194945,0.02869406819018996,0.0023056963324905883,-0.0020649498287968024,0.4322013166577007,0.17385273652840477
4028328c9f52dc4001a000e5e1bd6070,SKYLP,2026-08-14,2026-08-17,23654164,0,0,1,Müşteri,1,0,260,1,83511050,3.531,17,1,1,0,0,0.02561324745352363,0.04181257123097742,0.0047651735859832,-0.05229691800406799,-0.06808721038918589,-0.07152377022591379,-0.42422242562203594
4028328c9f52dc4001a00e5c45272d9d,SARAE,2026-08-17,2026-08-17,1794385895,0,0,0,Müşteri,0,0,459,1,318898703,0.178,5,0,0,0,0,-0.03292989569724741,0.05221841989786175,0.0054925757740806975,-0.01764203013400817,0.1784030712893117,0.19817651531272154,0.05291204106844401
4028328c9f52dc4001a00e6e90a62f8f,KBORU,2026-08-17,2026-08-17,168028009,0,0,0,Müşteri,0,0,567,1,155897205,0.928,2,1,0,0,0,-0.07859163573498816,-0.0428656660810922,0.016629636725676612,-0.07198511471162242,-0.10883963945914385,0.009506177226697473,-0.24625424704370616
4028328c9f52dc4001a0101545b561fd,CGCAM,2026-08-17,2026-08-18,152326005,0,0,1,Müşteri,0,0,218,1,104516458,0.686,6,0,5,0,0,-0.09739105337934409,-0.12187081396571767,-0.027502824170812897,-0.0021618990182193554,-0.008924658398643225,-0.05991765360427464,-0.1683665417537383
4028328c9f52dc3f01a00f66fa2b7654,PENTA,2026-08-17,2026-08-18,32888437,0,0,1,Tedarikçi,0,0,903,0,0,0.0,2,0,0,0,0,-0.07910659530987349,0.044581913225788694,0.005691325928423489,-0.000398478066475572,0.0028838295151380577,0.004801530026492203,-0.020111062689217297
4028328d9f52dddd01a01a4745c44b48,ALVES,2026-08-19,2026-08-19,191896437,0,0,0,Müşteri,0,0,330,1,284969595,1.485,6,0,4,0,0,-0.03469504429439415,-0.29654030469328707,0.04052483605046222,0.06926853608754359,0.018744765347560907,-0.21435506010100447,-0.6050111295169649
4028328c9f52dc4001a01aade6df5e0b,BVSAN,2026-08-19,2026-08-20,86462266,0,0,0,Müşteri,0,0,265,1,58836466,0.68,2,0,0,0,0,-0.06060208055641649,-0.09115218159530901,0.002388331282357384,0.0009163682863590618,0.02148826685740019,0.03115758162124536,0.1629530660643065
4028328c9f52dc4001a01b1fa9896fa2,ARDYZ,2026-08-20,2026-08-20,236001748,0,0,0,Müşteri,0,0,363,1,144360000,0.612,9,2,0,0,0,0.13496033338905994,0.11540029992534011,0.01955651720473959,-0.01140971150065193,-0.037258189629028445,-0.04392096543927813,-0.20733666184200528
4028328c9f52dc4001a01f4cf1a73be6,ALVES,2026-08-20,2026-08-20,191896437,0,0,0,Müşteri,0,0,302,1,152978401,0.797,5,0,4,0,0,-0.016597240755298493,-0.28306685648571167,0.009787048133463492,-0.012668049942237003,-0.0368668491682342,-0.2930667307544056,-0.6800187982398261
4028328d9f52dddd01a01fb26fee606c,BRSAN,2026-08-21,2026-08-24,942474720,0,0,0,Müşteri,0,0,636,0,0,0.0,7,0,0,0,0,0.019817716071462713,0.1429330391808503,0.09143041255147559,0.020538605742671644,0.04774003608147317,0.07729178667996643,
4028328d9f52dddd01a02ece46e21686,ARDYZ,2026-08-24,2026-08-24,236001748,1,0,0,Müşteri,0,0,1124,0,0,0.0,10,1,0,0,0,0.12342538325369139,0.17206676182885686,-0.05168787431794271,-0.07753635244631923,-0.07038482644591898,-0.07166813975800353,
4028328c9f52dc4001a033ed94ab7563,SDTTR,2026-08-24,2026-08-24,206840623,0,0,0,Müşteri,0,0,407,1,229223221,1.108,8,0,0,0,0,0.014689480459185765,0.033397276736467064,0.031335672417400734,-0.01695852449362171,-0.02119075378379805,-0.05830350823792975,
4028328d9f52dddc01a032b7763c0a39,COSMO,2026-08-24,2026-08-25,12192323,0,0,1,Müşteri,0,0,298,1,41475620,3.402,7,0,0,0,0,0.05750628823306126,-0.07982214568235346,0.10161872372989408,0.08250090240162236,0.012476590755225815,-0.015698322520809556,
4028328c9f52dc4001a03872c6a1296d,VBTYZ,2026-08-25,2026-08-26,53004150,0,0,1,Müşteri,0,0,237,1,109275700,2.062,10,0,0,0,0,0.19253834601391884,-0.020866183560210184,-0.03222745901383466,-0.023636887271352214,-0.023302708626673795,-0.03463681029120306,
4028328d9f52dddd01a039bfedc45d19,SARAE,2026-08-25,2026-08-26,1794385895,0,0,0,Müşteri,0,0,494,1,2938874760,1.638,6,1,0,0,0,0.13053296729805222,-0.29708454160725883,0.006573292473483991,0.0638476358469538,0.0011916513264024523,-0.04801430198487272,
4028328c9f52dc4001a03cc6a72e2231,BRLSM,2026-08-26,2026-08-26,56758449,0,0,1,Müşteri,0,0,717,0,0,0.0,10,0,0,0,0,0.28835519943358373,-0.07069843854397154,0.039117544885983346,0.17832775500913534,0.07841706573175201,0.0369613596176089,
4028328d9f52dddc01a038e9ff4a348c,SDTTR,2026-08-26,2026-08-26,206840623,0,0,0,Müşteri,0,0,403,1,67529055,0.326,9,1,0,0,0,0.06791461283896541,-0.038807132776038825,-0.013331216365837704,-0.017563445656014046,-0.09293419437622989,-0.0722532264107457,
4028328c9f52dc4001a03deebf234f36,FORTE,2026-08-26,2026-08-26,146666539,0,0,0,Müşteri,1,0,410,1,43454670,0.296,8,2,3,3,0,-0.07732752870805712,0.19817157484341222,0.01846034002922754,-0.022932584733829184,-0.0639230658461469,-0.03288675756395336,
4028328d9f52dddd01a043a00a8b03ff,SKYLP,2026-08-27,2026-08-28,23654164,0,0,1,Müşteri,1,0,338,1,90444025,3.824,17,0,1,0,0,-0.03285184952835961,-0.15751688767813377,0.024840278652944955,-0.07516390771752732,-0.03955258463226124,-0.29570088996282246,
4028328d9f52dddd01a046e3ccb3773a,YEOTK,2026-08-28,2026-08-28,354678228,0,0,1,Müşteri,0,0,962,1,458526056,1.293,12,0,0,0,0,-0.02073846326961393,-0.1664669637533175,-0.01461901354552318,-0.039033204626251074,-0.06398904041257011,-0.11649814881690085,
4028328d9f52dddc01a046f956686f51,BRLSM,2026-08-28,2026-08-28,56758449,0,0,1,Müşteri,0,0,848,0,0,0.0,10,0,0,0,0,0.4342662664864975,-0.03288991066704572,0.03678733411750897,-0.06312335515987436,-0.15778950887429705,-0.25834858012929596,
4028328c9e9b8d9d019ea2797a5902a7,MAGEN,2026-08-28,2026-08-28,383374108,0,0,0,Müşteri,0,0,2112,1,96146400000,250.79,4,0,12,0,21,-0.07682814673556176,-0.13473770972932964,0.06587074799154988,0.011781242864529374,0.06058772383301137,0.12402464526103622,
4028328d9f52dddc01a04d812cd00f9c,BVSAN,2026-08-29,2026-08-31,86462266,0,1,1,Müşteri,0,0,445,1,59343570,0.686,1,0,0,0,0,0.008485197421426475,-0.10421509467762911,0.011450705279074214,0.030439298553445914,0.005244537906112434,0.23782531189018077,
4028328c9f52dc3f01a0540c4e041428,CWENE,2026-08-31,2026-08-31,898848244,0,0,0,Müşteri,0,0,746,1,2314553247,2.575,8,1,2,0,0,0.08257742987277214,0.018131501589507455,-0.03441381347307599,-0.12819362107963245,-0.18736300950665857,-0.24895305435667547,
4028328d9f52dddd01a057d896994502,BRLSM,2026-08-31,2026-08-31,56758449,1,0,0,Müşteri,0,0,805,0,0,0.0,11,1,0,0,0,0.3798408427445002,0.06084948349769276,-0.007569624916041082,-0.18537651596322813,-0.2146485820151437,-0.3351576494765212,
4028328d9f52dddd01a057b4b7252e30,OFSYM,2026-08-31,2026-08-31,60048530,0,0,0,Tedarikçi,0,0,607,1,1300711500,21.661,6,0,0,0,4,0.06839757884020521,0.17106284152572504,0.015071484900754427,0.07416912781746068,0.08164372025406234,-0.006036214287325052,
4028328c9f52dc4001a05861b9f715ac,ALBTN,2026-08-31,2026-09-01,568119154,0,0,1,Müşteri,0,0,876,0,0,0.0,9,1,12,0,0,-0.009661180407462997,0.18622528399106597,-0.07115623383998643,-0.14708440702005518,0.03639136758486061,-0.08784168367478204,
4028328c9f52dc4001a05922699e4591,ASTOR,2026-08-31,2026-09-01,5966476824,0,0,1,Müşteri,0,0,662,0,0,0.0,16,2,4,0,0,-0.032316061985364804,0.09235712513066019,-0.020296411248114356,-0.07292363098913286,-0.06314273789011382,-0.13040000198080118,
4028328d9f52dddc01a05db5ca105104,OZATD,2026-09-01,2026-09-02,147850722,1,0,1,Müşteri,1,0,497,1,893357791,6.042,12,0,2,0,0,0.08710491310003841,0.03320873393621081,0.0026830312939881704,-0.014097835712421777,-0.0677488221558401,0.05847532566715991,
4028328c9f52dc4001a05c35f0e4239d,HTTBT,2026-09-02,2026-09-02,27990416,0,0,1,Müşteri,0,0,537,0,0,0.0,0,0,0,0,0,-0.009966567660584413,-0.11842902877715165,-0.003281405961327487,0.04528728592304534,-0.00905845313827891,-0.04774895222589822,
4028328d9f52dddd01a061e697921a2a,MEKAG,2026-09-02,2026-09-02,61629933,0,0,1,Müşteri,0,0,291,0,0,0.0,3,0,0,0,0,0.0350398808676503,-0.01726278098122767,-0.013436222895805438,-0.02065274323189761,-0.03167904357236897,-0.09898861740267505,
4028328c9f52dc3f01a062a89d9f11e7,EUPWR,2026-09-02,2026-09-03,504348007,0,0,1,Müşteri,0,0,1063,1,1787073000,3.543,11,1,8,0,0,-0.12879277671338177,0.025754711220410988,-0.09141429635264012,-0.13018359453000436,-0.11490961377426234,-0.1922720113111661,
4028328c9f52dc4001a08183c5e01869,MASFN,2026-09-08,2026-09-08,519203003,0,1,0,Müşteri,0,0,1438,0,0,0.0,4,0,0,0,0,-0.013066441480253972,-0.10908586680285556,-0.011208969892712991,-0.02123917170233216,-0.04805331436066951,,
4028328c9f52dc4001a084aa5b622227,MARBL,2026-09-09,2026-09-09,26710296,0,0,1,Müşteri,0,0,290,0,0,0.0,0,0,7,0,0,-0.017219991073389937,-0.017515577686304257,-0.006141454955150156,-0.011634432954252986,-0.0012567339922911883,,
4028328d9f52dddc01a08bfbf7be0ce1,KLSYN,2026-09-10,2026-09-11,45897582,0,0,1,Müşteri,1,0,568,1,199456541,4.346,8,0,1,0,0,-0.0025928101569431565,0.06487176519465637,0.036567326115442625,-0.0010719234788199746,,,
4028328c9f52dc3f01a08d521faa31ba,BETAE,2026-09-10,2026-09-11,1540223755,0,0,1,Müşteri,0,0,669,1,89959383,0.058,14,0,0,0,0,0.07924647995928283,-0.19930433171365083,-0.04176600721789071,-0.10645775081918707,-0.2557160012268445,,
4028328da09bf08c01a0a3a9810027de,FORTE,2026-09-15,2026-09-15,146666539,0,0,1,Müşteri,1,0,365,1,36176082,0.247,9,1,7,0,0,0.05520172868800283,-0.23797621361382085,-0.025786089490680616,,,,
4028328ca09bee8f01a0a448cb6a3874,KBORU,2026-09-15,2026-09-15,168028009,0,0,0,Müşteri,0,0,886,1,322416240,1.919,7,1,6,0,0,-0.03383053102063594,-0.25619334183145864,-0.04523485370925793,,,,
4028328da09bf08d01a09f61fb5414ed,SDTTR,2026-09-15,2026-09-15,206840623,0,0,0,Müşteri,0,0,403,0,0,0.0,9,0,1,1,0,-0.07832242959190346,-0.04808212836025301,0.0030766765615056887,,,,
4028328da09bf08d01a0a5a0cdad5ffc,ORGE,2026-09-15,2026-09-16,69301850,1,0,1,Müşteri,0,0,496,1,268620489,3.876,6,0,0,0,6,-0.0006262620753229067,0.01713880164005935,0.028738141110372525,,,,
4028328d9f52dddc01a07fe6d0f77caa,PENTA,2026-09-15,2026-09-16,32888437,0,0,1,Tedarikçi,0,0,614,0,0,0.0,1,0,0,0,0,-0.004625189678609301,0.0006046913610459865,0.019326376404490173,,,,
4028328d9f52dddd019fa8fbdc4d4588,HRKET,2026-09-16,2026-09-16,89533904,0,0,1,Müşteri,0,0,1360,1,257462870,2.876,13,1,0,0,0,-0.9656183574124662,-0.1643579193663309,0.09290721402102359,0.14163167326105433,,,
4028328ca09bee8f01a0aaf0349e0e0c,ORGE,2026-09-16,2026-09-17,69301850,1,0,1,Müşteri,0,0,371,1,824865024,11.902,6,1,0,0,7,0.03249697215035318,0.03529818754842019,,,,,
4028328da09bf08d01a0abdb7116170c,ARDYZ,2026-09-17,2026-09-17,236001748,0,0,0,Müşteri,0,0,478,1,50613963,0.214,11,2,0,0,0,-0.08046407580282407,-0.1268725860391812,,,,,
4028328ca09bee9001a0af061d900e11,SDTTR,2026-09-17,2026-09-17,206840623,0,0,0,Müşteri,0,0,399,1,107535842,0.52,9,0,1,1,0,-0.054679137208991674,-0.049729626510283086,,,,,
4028328da09bf08d01a0af632abe2577,GOLDA,2026-09-17,2026-09-17,375679662,0,0,1,Müşteri,0,0,592,1,144979536,0.386,16,1,2,2,0,0.030173330011985307,0.08807862323824946,-0.11956583720474376,,,,
4028328ca09bee8f01a0b051f05d2f9e,SARAE,2026-09-17,2026-09-18,1794385895,0,0,0,Müşteri,0,0,711,1,950555354,0.53,13,3,0,0,0,-0.1104722520081253,-0.05720352645229264,-0.08315862664682191,,,,
4028328ca09bee9001a0b31cc7a923cd,ODINE,2026-09-18,2026-09-18,348845744,0,0,1,Müşteri,0,0,1596,0,0,0.0,12,0,1,0,0,,-0.9102399401963539,,,,,
